person_id,age,age_band,gender,race,ethnicity,state,inpatient_visits,outpatient_visits,er_visits,total_visits,distinct_care_sites,observation_months,diabetes,chf,copd,stroke,cancer,renal_disease,drug_exposures,distinct_drugs,drug_eras,distinct_conditions,distinct_procedures
3,66,65-74,Male,White,Not Hispanic or Latino,ND,0,0,0,0,0,0,0,0,0,0,0,0,0,0,0,0,0
63,77,75-84,Female,White,Not Hispanic or Latino,IA,1,13,0,48,21,0,1,1,1,1,0,1,147,131,149,102,35
123,85,85+,Female,White,Not Hispanic or Latino,GA,5,15,0,97,53,0,1,1,1,1,1,1,64,60,67,204,60
183,66,65-74,Male,White,Not Hispanic or Latino,DE,0,0,0,0,0,0,0,0,0,0,0,0,0,0,0,0,0
243,89,85+,Male,White,Not Hispanic or Latino,NY,0,2,0,104,89,0,1,1,1,0,1,1,103,96,119,207,70
303,76,75-84,Male,Hispanic,Hispanic or Latino,CA,0,0,0,0,0,0,0,0,0,0,0,0,88,83,94,0,0
363,66,65-74,Male,White,Not Hispanic or Latino,OH,1,25,0,100,46,0,1,1,1,1,1,1,106,101,112,207,74
423,73,65-74,Male,White,Not Hispanic or Latino,TX,1,8,0,57,48,0,1,0,0,1,1,0,7,7,8,117,41
483,86,85+,Male,White,Not Hispanic or Latino,TX,0,8,0,90,67,0,1,1,1,1,1,1,118,112,153,188,70
543,78,75-84,Female,Others,Others,HI,0,0,0,0,0,0,0,0,0,0,0,0,10,10,11,0,0
603,52,<65,Male,White,Not Hispanic or Latino,IN,0,16,0,34,24,0,1,1,1,1,1,1,107,98,114,55,19
663,63,<65,Female,Black,Not Hispanic or Latino,AL,0,1,0,15,12,0,0,1,0,1,1,0,9,9,10,34,13
723,65,65-74,Male,White,Not Hispanic or Latino,VA,0,1,0,32,22,0,1,1,1,1,0,1,159,141,165,62,20
783,83,75-84,Female,White,Not Hispanic or Latino,IN,2,3,0,47,29,0,1,0,1,1,1,1,147,135,157,115,29
843,67,65-74,Female,White,Not Hispanic or Latino,CA,0,0,0,2,2,0,0,0,0,0,0,0,90,89,99,6,2
903,89,85+,Male,White,Not Hispanic or Latino,KS,5,14,0,117,72,0,1,1,1,1,1,1,73,67,79,235,84
963,71,65-74,Female,White,Not Hispanic or Latino,FL,0,6,0,21,17,0,0,0,0,0,0,0,37,37,44,38,19
2,74,65-74,Female,White,Not Hispanic or Latino,MD,0,8,0,81,64,0,1,0,1,1,1,1,174,161,183,173,53
62,87,85+,Female,White,Not Hispanic or Latino,NH,0,8,0,43,27,0,0,0,1,1,1,0,5,5,5,75,34
122,67,65-74,Female,White,Not Hispanic or Latino,OK,0,3,0,24,19,0,1,0,1,0,1,0,3,3,3,43,21
182,83,75-84,Male,Black,Not Hispanic or Latino,GA,0,0,0,0,0,0,0,0,0,0,0,0,48,47,51,0,0
242,74,65-74,Male,White,Not Hispanic or Latino,IN,1,19,0,146,79,0,1,1,1,1,1,1,24,15,18,258,70
302,90,85+,Female,White,Not Hispanic or Latino,IL,0,1,0,6,6,0,1,0,0,1,0,0,118,111,127,20,8
362,73,65-74,Female,White,Not Hispanic or Latino,CO,2,15,0,87,26,0,1,1,0,1,1,1,9,9,9,185,63
422,89,85+,Male,White,Not Hispanic or Latino,CA,0,0,0,0,0,0,0,0,0,0,0,0,61,57,61,0,0
482,84,75-84,Female,White,Not Hispanic or Latino,FL,0,7,0,50,26,0,1,0,1,0,1,1,165,148,171,101,34
542,67,65-74,Male,White,Not Hispanic or Latino,WV,0,0,0,15,13,0,1,0,1,0,0,0,7,7,10,36,8
602,82,75-84,Female,White,Not Hispanic or Latino,KY,1,7,0,77,40,0,1,1,1,1,1,1,34,30,35,158,61
662,80,75-84,Male,Others,Others,IL,0,0,0,2,2,0,0,0,0,0,0,0,88,85,98,2,1
722,77,75-84,Male,White,Not Hispanic or Latino,MI,0,4,0,101,75,0,1,1,1,1,1,1,9,9,10,209,64
782,86,85+,Female,Black,Not Hispanic or Latino,SC,1,1,0,3,2,0,0,0,0,0,0,0,30,29,39,8,2
842,77,75-84,Female,White,Not Hispanic or Latino,IN,0,15,0,56,39,0,1,0,1,0,1,0,63,62,71,98,47
902,89,85+,Female,White,Not Hispanic or Latino,MA,1,25,0,126,99,0,1,1,1,1,1,1,52,47,54,257,89
1,51,<65,Female,Others,Others,WI,1,2,0,9,8,0,1,1,1,0,0,0,128,122,133,27,7
61,76,75-84,Male,White,Not Hispanic or Latino,CA,1,7,0,80,75,0,1,1,1,1,1,1,46,43,48,169,65
121,42,<65,Male,White,Not Hispanic or Latino,NC,0,0,0,0,0,0,0,0,0,0,0,0,0,0,0,0,0
181,62,<65,Female,Black,Not Hispanic or Latino,KY,0,27,0,76,33,0,1,1,1,1,1,1,118,112,132,163,58
241,51,<65,Female,White,Not Hispanic or Latino,IL,1,2,0,75,34,0,1,1,1,1,1,1,13,12,15,160,54
301,71,65-74,Male,White,Not Hispanic or Latino,PA,3,2,0,80,54,0,1,1,1,1,1,1,94,87,105,154,49
361,89,85+,Female,Others,Others,CA,0,28,0,120,89,0,1,0,1,1,1,0,71,58,95,184,118
421,88,85+,Female,White,Not Hispanic or Latino,NY,0,1,0,13,11,0,1,0,0,1,0,0,22,21,29,28,10
481,67,65-74,Male,White,Not Hispanic or Latino,MO,0,8,0,54,26,0,1,1,1,1,1,0,7,7,7,109,49
541,83,75-84,Female,White,Not Hispanic or Latino,TX,0,7,0,66,35,0,1,1,1,1,1,1,7,7,7,137,44
601,83,75-84,Female,White,Not Hispanic or Latino,WI,1,1,0,41,22,0,1,1,0,1,1,1,1,1,1,103,28
661,77,75-84,Female,White,Not Hispanic or Latino,MN,0,0,0,0,0,0,0,0,0,0,0,0,8,7,7,0,0
721,92,85+,Female,White,Not Hispanic or Latino,NJ,3,5,0,117,81,0,1,1,1,1,1,1,62,59,65,245,59
781,96,85+,Female,White,Not Hispanic or Latino,MN,0,2,0,34,8,0,0,1,1,0,1,0,8,8,8,64,19
841,63,<65,Female,White,Not Hispanic or Latino,KY,0,3,0,33,25,0,1,0,0,0,0,0,5,5,5,74,22
901,67,65-74,Male,White,Not Hispanic or Latino,MS,0,19,0,61,25,0,0,1,1,0,1,0,51,48,54,124,52
961,69,65-74,Male,White,Not Hispanic or Latino,NY,0,0,0,22,19,0,1,0,1,1,1,0,8,8,7,44,18
1021,89,85+,Female,White,Not Hispanic or Latino,ME,3,14,0,104,49,0,1,0,1,1,1,1,195,182,218,228,82
1081,67,65-74,Male,White,Not Hispanic or Latino,FL,1,0,0,3,3,0,1,1,0,0,0,0,181,158,185,19,2
1141,39,<65,Male,Black,Not Hispanic or Latino,NY,0,1,0,4,4,0,1,0,0,0,0,0,121,113,128,11,4
1201,81,75-84,Male,White,Not Hispanic or Latino,AZ,0,6,0,77,49,0,1,1,1,1,1,1,14,14,15,160,67
4,74,65-74,Male,White,Not Hispanic or Latino,TX,0,3,0,95,71,0,1,1,1,1,1,1,102,100,109,208,70
64,50,<65,Female,White,Not Hispanic or Latino,SC,1,11,0,78,39,0,1,0,1,0,1,1,91,84,93,151,58
124,65,65-74,Male,White,Not Hispanic or Latino,MN,0,10,0,66,35,0,1,1,1,1,1,1,143,127,135,130,55
184,79,75-84,Male,White,Not Hispanic or Latino,NY,0,1,0,15,13,0,1,0,0,0,0,0,10,10,11,44,15
244,45,<65,Female,White,Not Hispanic or Latino,TX,1,18,0,108,64,0,1,1,1,1,1,1,137,128,151,219,77
304,78,75-84,Male,White,Not Hispanic or Latino,IN,2,18,0,135,62,0,1,1,1,1,1,1,112,102,113,273,79
364,85,85+,Female,White,Not Hispanic or Latino,NY,1,10,0,52,40,0,1,1,0,1,1,1,6,6,6,112,38
424,66,65-74,Male,White,Not Hispanic or Latino,PA,0,0,0,1,1,0,0,0,0,0,0,0,32,31,36,0,0
484,70,65-74,Female,Black,Not Hispanic or Latino,MI,1,9,0,74,57,0,1,1,1,1,0,0,49,48,50,140,42
544,81,75-84,Female,White,Not Hispanic or Latino,LA,1,3,0,36,30,0,1,0,1,0,1,0,44,42,48,75,21
604,67,65-74,Female,White,Not Hispanic or Latino,NJ,0,2,0,21,16,0,0,1,0,0,1,0,5,5,5,47,19
664,56,<65,Male,White,Not Hispanic or Latino,OR,0,1,0,13,9,0,1,1,0,0,0,0,10,10,10,24,10
0,76,75-84,Male,White,Not Hispanic or Latino,NC,0,10,0,66,49,0,1,1,1,1,1,1,6,6,6,129,46
60,68,65-74,Female,White,Not Hispanic or Latino,IN,0,1,0,4,4,0,0,0,0,1,0,0,39,35,40,8,10
120,29,<65,Female,White,Not Hispanic or Latino,NY,0,1,0,30,15,0,1,0,1,1,0,0,121,104,138,67,14
180,80,75-84,Male,Others,Others,AL,0,0,0,0,0,0,0,0,0,0,0,0,0,0,0,0,0
240,53,<65,Male,Black,Not Hispanic or Latino,IL,0,3,0,44,41,0,1,0,0,0,1,0,94,91,102,93,36
300,28,<65,Male,Black,Not Hispanic or Latino,Missing,0,0,0,0,0,0,0,0,0,0,0,0,0,0,0,0,0
360,64,<65,Male,White,Not Hispanic or Latino,MS,0,3,0,100,58,0,1,1,1,1,1,1,65,63,66,188,58
420,73,65-74,Female,White,Not Hispanic or Latino,MN,0,0,0,2,2,0,0,0,0,0,0,0,97,92,103,2,1
480,27,<65,Male,Black,Not Hispanic or Latino,DC,0,3,0,19,18,0,0,0,1,0,0,0,44,43,61,28,14
540,72,65-74,Male,Black,Not Hispanic or Latino,AR,0,6,0,108,56,0,1,1,1,1,1,1,5,5,5,178,59
600,73,65-74,Male,Black,Not Hispanic or Latino,AL,0,0,0,0,0,0,0,0,0,0,0,0,0,0,0,0,0
660,77,75-84,Female,White,Not Hispanic or Latino,AL,1,7,0,38,32,0,1,0,1,0,1,0,2,2,2,73,25
720,79,75-84,Female,White,Not Hispanic or Latino,FL,1,23,0,144,104,0,1,1,1,1,1,1,204,183,199,282,98
780,60,<65,Male,White,Not Hispanic or Latino,NJ,6,9,0,138,107,0,1,1,1,1,1,1,136,128,153,256,84
840,99,85+,Male,White,Not Hispanic or Latino,IL,0,29,0,46,21,0,1,0,1,0,0,1,116,111,127,76,29
900,57,<65,Male,Black,Not Hispanic or Latino,DE,0,0,0,0,0,0,0,0,0,0,0,0,0,0,0,0,0
960,80,75-84,Female,White,Not Hispanic or Latino,FL,0,22,0,104,66,0,1,1,1,1,1,1,9,9,9,208,71
1020,76,75-84,Female,White,Not Hispanic or Latino,FL,0,6,0,10,7,0,0,0,0,0,1,0,1,1,3,20,9
1080,69,65-74,Male,White,Not Hispanic or Latino,NJ,3,20,0,54,46,0,1,1,1,1,1,1,57,55,66,107,40
7,65,65-74,Male,Black,Not Hispanic or Latino,CA,0,0,0,1,1,0,0,0,0,0,0,0,88,83,92,2,1
67,80,75-84,Female,White,Not Hispanic or Latino,NY,0,25,0,111,34,0,1,1,1,1,1,1,129,116,136,204,71
127,78,75-84,Female,White,Not Hispanic or Latino,TN,0,1,0,8,7,0,0,0,0,0,0,0,0,0,0,13,8
187,67,65-74,Male,White,Not Hispanic or Latino,FL,0,0,0,0,0,0,0,0,0,0,0,0,9,9,9,0,0
247,70,65-74,Female,White,Not Hispanic or Latino,OH,0,1,0,19,15,0,0,0,0,0,0,0,4,4,4,46,15
307,58,<65,Female,Others,Others,PA,0,8,0,75,48,0,1,0,1,1,1,1,79,78,92,156,51
367,78,75-84,Female,White,Not Hispanic or Latino,MA,0,8,0,114,71,0,1,1,0,1,1,1,9,9,9,233,74
427,88,85+,Male,White,Not Hispanic or Latino,IL,1,14,0,56,36,0,1,1,1,0,1,1,190,169,203,118,37
6,66,65-74,Female,White,Not Hispanic or Latino,TX,0,0,0,1,1,0,0,0,0,0,0,0,67,63,78,6,1
66,69,65-74,Male,White,Not Hispanic or Latino,MO,1,2,0,24,15,0,1,0,1,0,1,1,21,18,20,50,19
126,64,<65,Male,White,Not Hispanic or Latino,Missing,1,4,0,29,28,0,1,1,1,0,1,0,58,54,61,63,20
186,84,75-84,Male,Black,Not Hispanic or Latino,NY,0,1,0,12,11,0,0,0,0,0,1,0,0,0,0,24,11
246,91,85+,Male,White,Not Hispanic or Latino,CA,0,0,0,0,0,0,0,0,0,0,0,0,105,94,110,0,0
306,88,85+,Female,White,Not Hispanic or Latino,FL,1,16,0,75,55,0,1,0,1,1,1,1,106,102,122,172,62
366,74,65-74,Female,White,Not Hispanic or Latino,IN,1,1,0,62,38,0,1,1,1,1,1,1,4,4,4,136,63
426,65,65-74,Male,White,Not Hispanic or Latino,CA,1,5,0,103,73,0,1,1,1,1,1,1,10,9,11,187,67
486,74,65-74,Male,White,Not Hispanic or Latino,WA,1,11,0,66,34,0,1,1,1,1,0,0,67,66,81,147,41
546,65,65-74,Female,White,Not Hispanic or Latino,HI,0,0,0,0,0,0,0,0,0,0,0,0,0,0,0,0,0
606,78,75-84,Male,White,Not Hispanic or Latino,WI,1,16,0,100,34,0,1,1,1,1,1,1,20,18,20,200,66
666,64,<65,Male,White,Not Hispanic or Latino,SD,1,11,0,47,18,0,1,0,1,1,1,0,18,17,18,92,35
726,71,65-74,Male,Black,Not Hispanic or Latino,CA,0,4,0,25,22,0,0,0,1,0,0,0,26,26,28,56,20
786,76,75-84,Male,White,Not Hispanic or Latino,OH,0,1,0,117,59,0,1,1,1,1,1,1,64,61,71,226,90
846,74,65-74,Female,White,Not Hispanic or Latino,IL,0,14,0,36,20,0,1,1,1,0,1,0,138,128,143,62,22
906,81,75-84,Male,White,Not Hispanic or Latino,NY,1,2,0,55,48,0,1,0,1,0,1,1,5,4,5,112,50
966,66,65-74,Male,White,Not Hispanic or Latino,FL,0,0,0,0,0,0,0,0,0,0,0,0,0,0,0,0,0
1026,83,75-84,Male,White,Not Hispanic or Latino,NM,0,0,0,0,0,0,0,0,0,0,0,0,0,0,0,0,0
1086,88,85+,Female,White,Not Hispanic or Latino,TX,1,8,0,56,37,0,1,0,1,1,1,0,41,41,45,125,51
1146,70,65-74,Female,White,Not Hispanic or Latino,OH,2,4,0,15,11,0,0,1,0,1,1,1,112,102,120,43,14
1206,72,65-74,Female,White,Not Hispanic or Latino,MD,0,7,0,37,33,0,1,0,1,0,1,0,6,6,7,82,33
8,57,<65,Female,White,Not Hispanic or Latino,TN,0,0,0,2,2,0,0,0,0,0,0,0,25,25,27,10,2
68,68,65-74,Female,White,Not Hispanic or Latino,CA,0,0,0,10,10,0,1,0,0,0,0,0,56,56,65,20,6
128,80,75-84,Female,Black,Not Hispanic or Latino,NC,0,0,0,0,0,0,0,0,0,0,0,0,56,52,63,0,0
188,84,75-84,Female,White,Not Hispanic or Latino,FL,0,0,0,0,0,0,0,0,0,0,0,0,77,72,81,0,0
248,80,75-84,Female,Black,Not Hispanic or Latino,NJ,0,0,0,0,0,0,0,0,0,0,0,0,0,0,0,0,0
308,74,65-74,Female,Others,Others,LA,1,10,0,115,48,0,1,1,1,1,1,1,129,123,140,208,73
368,75,75-84,Female,White,Not Hispanic or Latino,CA,3,13,0,63,51,0,1,1,1,1,1,1,54,53,58,147,43
428,82,75-84,Female,White,Not Hispanic or Latino,IL,2,11,0,70,40,0,1,1,1,1,1,1,88,83,95,143,53
488,67,65-74,Female,White,Not Hispanic or Latino,TN,0,0,0,0,0,0,0,0,0,0,0,0,0,0,0,0,0
548,93,85+,Female,White,Not Hispanic or Latino,VA,2,2,0,24,19,0,1,1,1,1,1,1,3,3,4,72,30
608,66,65-74,Female,White,Not Hispanic or Latino,MA,0,13,0,74,60,0,1,0,1,1,1,1,7,7,8,147,58
668,66,65-74,Female,White,Not Hispanic or Latino,MS,3,21,0,89,55,0,1,1,1,0,1,1,171,156,181,194,70
728,86,85+,Male,White,Not Hispanic or Latino,UT,1,2,0,18,14,0,1,1,1,1,0,1,34,34,41,43,11
788,85,85+,Female,White,Not Hispanic or Latino,MO,0,5,0,66,53,0,1,0,1,0,1,1,110,105,118,119,46
848,88,85+,Female,White,Not Hispanic or Latino,FL,3,15,0,85,61,0,1,1,1,1,1,1,12,11,12,188,55
908,70,65-74,Male,White,Not Hispanic or Latino,OH,0,0,0,0,0,0,0,0,0,0,0,0,0,0,0,0,0
968,58,<65,Male,White,Not Hispanic or Latino,IA,0,0,0,1,1,0,0,0,0,0,0,0,58,55,64,4,1
1028,75,75-84,Male,White,Not Hispanic or Latino,PA,0,0,0,4,4,0,1,0,0,0,0,1,71,65,78,13,2
1088,70,65-74,Female,White,Not Hispanic or Latino,AZ,1,6,0,51,40,0,1,0,1,1,1,1,5,5,5,101,43
9,66,65-74,Female,White,Not Hispanic or Latino,FL,0,3,0,29,23,0,1,1,1,1,0,1,43,41,41,55,29
69,84,75-84,Male,White,Not Hispanic or Latino,GA,1,0,0,11,10,0,1,1,0,0,0,0,2,2,2,35,13
129,74,65-74,Male,White,Not Hispanic or Latino,MI,0,3,0,77,65,0,1,0,1,1,1,0,82,82,89,162,53
189,88,85+,Male,White,Not Hispanic or Latino,CA,0,0,0,0,0,0,0,0,0,0,0,0,7,7,10,0,0
249,67,65-74,Female,White,Not Hispanic or Latino,GA,1,15,0,154,71,0,1,1,1,1,1,1,7,6,7,247,85
309,88,85+,Male,Hispanic,Hispanic or Latino,GA,1,10,0,39,32,0,0,0,1,1,1,1,7,7,7,70,32
369,55,<65,Male,White,Not Hispanic or Latino,MO,2,15,0,57,38,0,1,1,1,0,1,1,123,114,135,136,41
429,70,65-74,Female,Black,Not Hispanic or Latino,NV,1,11,0,100,59,0,1,0,1,1,1,1,16,14,16,222,96
489,48,<65,Male,White,Not Hispanic or Latino,OH,3,13,0,152,86,0,1,1,1,1,1,1,9,9,12,297,74
549,71,65-74,Female,White,Not Hispanic or Latino,NJ,0,0,0,2,2,0,0,0,0,0,0,0,76,76,81,6,6
609,88,85+,Female,White,Not Hispanic or Latino,OK,0,4,0,48,38,0,1,1,1,0,1,1,102,90,99,101,35
669,69,65-74,Male,White,Not Hispanic or Latino,CA,0,2,0,24,20,0,0,1,0,1,0,1,46,42,46,52,23
729,68,65-74,Male,White,Not Hispanic or Latino,MI,0,8,0,56,39,0,1,0,1,1,1,0,1,1,1,121,30
5,78,75-84,Female,White,Not Hispanic or Latino,OK,2,15,0,86,62,0,1,1,1,0,1,1,48,47,58,208,76
65,67,65-74,Female,White,Not Hispanic or Latino,MS,1,5,0,91,60,0,1,1,1,1,1,1,69,66,75,190,73
125,76,75-84,Female,White,Not Hispanic or Latino,NE,0,0,0,0,0,0,0,0,0,0,0,0,0,0,0,0,0
185,73,65-74,Male,White,Not Hispanic or Latino,IN,1,1,0,17,15,0,1,0,0,0,0,1,4,4,4,37,21
245,83,75-84,Female,White,Not Hispanic or Latino,ME,0,22,0,123,54,0,1,1,1,1,1,1,12,12,12,190,71
305,73,65-74,Male,White,Not Hispanic or Latino,LA,0,5,0,52,40,0,1,1,1,1,1,1,73,69,86,94,42
365,73,65-74,Male,Black,Not Hispanic or Latino,GA,0,2,0,31,24,0,1,0,1,0,1,0,2,2,2,68,28
425,65,65-74,Female,White,Not Hispanic or Latino,NJ,0,8,0,32,30,0,1,0,0,0,0,0,86,84,90,59,26
485,76,75-84,Female,White,Not Hispanic or Latino,PA,0,0,0,0,0,0,0,0,0,0,0,0,2,2,2,0,0
545,89,85+,Female,White,Not Hispanic or Latino,TX,0,10,0,56,29,0,1,0,1,0,1,0,5,5,5,108,40
605,65,65-74,Female,White,Not Hispanic or Latino,MA,1,5,0,73,57,0,1,1,1,0,1,1,5,5,6,150,50
665,86,85+,Female,White,Not Hispanic or Latino,NY,0,2,0,48,43,0,1,0,1,0,1,1,7,7,9,101,32
725,73,65-74,Male,White,Not Hispanic or Latino,GA,1,6,0,75,52,0,1,1,1,1,1,1,158,146,167,164,58
785,75,75-84,Male,White,Not Hispanic or Latino,OR,0,0,0,0,0,0,0,0,0,0,0,0,0,0,0,0,0
845,78,75-84,Female,White,Not Hispanic or Latino,NC,0,1,0,101,64,0,1,1,1,1,1,1,13,13,13,219,68
905,75,75-84,Female,White,Not Hispanic or Latino,CO,0,1,0,10,10,0,1,0,0,1,0,1,5,5,6,19,11
965,89,85+,Female,White,Not Hispanic or Latino,MI,1,22,0,56,38,0,1,1,1,0,1,0,122,108,133,125,41
1025,67,65-74,Female,White,Not Hispanic or Latino,FL,0,0,0,3,3,0,0,1,0,0,0,0,0,0,0,7,3
1085,72,65-74,Female,White,Not Hispanic or Latino,LA,0,0,0,0,0,0,0,0,0,0,0,0,84,76,91,0,0
1145,67,65-74,Male,White,Not Hispanic or Latino,IL,0,0,0,2,2,0,1,0,0,0,0,0,53,46,47,3,2
1205,41,<65,Female,White,Not Hispanic or Latino,IL,1,21,0,165,130,0,1,1,1,1,1,1,154,144,160,298,101
1265,69,65-74,Female,Hispanic,Hispanic or Latino,NY,2,10,0,165,71,0,1,1,1,1,1,1,106,99,110,279,86
12,87,85+,Female,White,Not Hispanic or Latino,NC,0,0,0,3,3,0,1,0,0,1,0,0,94,89,97,6,2
72,75,75-84,Female,White,Not Hispanic or Latino,CT,0,7,0,81,58,0,1,0,1,1,1,1,82,78,85,165,40
132,66,65-74,Female,White,Not Hispanic or Latino,OH,1,25,0,95,49,0,1,1,0,1,1,1,97,91,105,203,78
192,77,75-84,Female,White,Not Hispanic or Latino,MT,1,3,0,49,27,0,1,1,1,1,1,0,9,9,11,123,33
252,79,75-84,Female,White,Not Hispanic or Latino,NC,0,5,0,68,32,0,1,0,0,0,0,0,4,4,4,131,45
312,84,75-84,Female,White,Not Hispanic or Latino,VA,1,1,0,62,34,0,1,0,1,0,0,0,12,10,11,129,43
372,70,65-74,Female,White,Not Hispanic or Latino,HI,0,15,0,55,35,0,1,1,1,1,0,0,3,3,3,103,40
432,53,<65,Male,Others,Others,OR,0,0,0,0,0,0,0,0,0,0,0,0,0,0,0,0,0
492,88,85+,Female,White,Not Hispanic or Latino,MN,2,5,0,110,61,0,1,1,1,1,1,1,103,99,107,233,77
552,79,75-84,Male,White,Not Hispanic or Latino,PA,0,20,0,71,39,0,1,1,1,0,1,1,9,9,9,140,47
612,38,<65,Female,White,Not Hispanic or Latino,NC,0,2,0,12,8,0,1,0,0,0,0,0,5,5,5,21,9
672,72,65-74,Female,Others,Others,CA,1,1,0,10,9,0,1,1,1,0,0,0,107,96,110,22,8
732,67,65-74,Male,Black,Not Hispanic or Latino,MD,0,2,0,34,17,0,1,0,0,0,0,0,3,3,4,59,28
792,66,65-74,Male,Black,Not Hispanic or Latino,DE,0,3,0,36,31,0,1,1,0,0,1,1,12,12,15,70,30
852,88,85+,Male,White,Not Hispanic or Latino,ID,0,0,0,0,0,0,0,0,0,0,0,0,0,0,0,0,0
912,35,<65,Male,White,Not Hispanic or Latino,CO,0,0,0,0,0,0,0,0,0,0,0,0,0,0,0,0,0
972,65,65-74,Female,White,Not Hispanic or Latino,IL,0,2,0,3,3,0,0,0,1,0,1,0,95,86,94,14,8
1032,40,<65,Female,White,Not Hispanic or Latino,OR,3,5,0,83,25,0,1,1,1,1,1,1,134,127,150,180,47
1092,67,65-74,Male,White,Not Hispanic or Latino,FL,1,7,0,63,47,0,1,1,1,1,1,1,6,6,6,142,57
1152,76,75-84,Female,White,Not Hispanic or Latino,OK,1,0,0,4,4,0,0,0,0,0,1,0,10,10,11,9,4
1212,97,85+,Male,White,Not Hispanic or Latino,IN,2,13,0,118,55,0,1,1,1,1,1,1,140,127,151,241,74
1272,89,85+,Male,White,Not Hispanic or Latino,WA,0,7,0,69,49,0,1,0,1,1,1,1,2,2,3,136,44
1332,66,65-74,Male,Black,Not Hispanic or Latino,AZ,0,0,0,0,0,0,0,0,0,0,0,0,0,0,0,0,0
13,65,65-74,Male,White,Not Hispanic or Latino,WY,0,0,0,0,0,0,0,0,0,0,0,0,0,0,0,0,0
73,89,85+,Male,White,Not Hispanic or Latino,CO,0,0,0,0,0,0,0,0,0,0,0,0,0,0,0,0,0
133,94,85+,Male,White,Not Hispanic or Latino,IL,0,2,0,46,40,0,1,1,1,1,1,1,2,2,2,86,32
193,78,75-84,Male,White,Not Hispanic or Latino,GA,1,22,0,98,63,0,1,1,1,1,1,1,156,142,166,191,57
253,60,<65,Female,White,Not Hispanic or Latino,TX,0,0,0,6,6,0,1,0,0,0,0,1,90,84,101,20,4
313,74,65-74,Male,White,Not Hispanic or Latino,MN,0,0,0,0,0,0,0,0,0,0,0,0,47,42,51,0,0
373,28,<65,Female,White,Not Hispanic or Latino,PA,0,9,0,60,42,0,0,0,1,0,1,1,86,82,95,120,46
433,87,85+,Male,Black,Not Hispanic or Latino,FL,0,0,0,1,1,0,0,1,0,0,0,0,81,72,83,4,1
493,76,75-84,Male,White,Not Hispanic or Latino,FL,1,0,0,7,7,0,0,1,1,0,0,0,77,73,88,16,5
553,70,65-74,Male,White,Not Hispanic or Latino,CO,0,2,0,17,15,0,0,0,1,1,0,0,58,56,64,45,14
613,70,65-74,Male,White,Not Hispanic or Latino,NJ,0,5,0,35,29,0,1,0,1,1,1,0,16,15,15,72,35
673,69,65-74,Male,White,Not Hispanic or Latino,VT,0,0,0,1,1,0,0,0,0,0,0,0,28,28,34,2,1
733,30,<65,Male,Hispanic,Hispanic or Latino,CO,0,13,0,69,43,0,1,1,1,1,1,1,69,68,76,143,51
793,61,<65,Male,White,Not Hispanic or Latino,KS,3,26,0,147,60,0,1,1,1,1,1,1,23,23,24,328,101
853,70,65-74,Female,Black,Not Hispanic or Latino,MD,1,18,0,117,74,0,1,1,1,1,1,1,99,94,105,219,107
913,82,75-84,Female,White,Not Hispanic or Latino,NH,0,3,0,33,24,0,1,1,0,1,0,0,78,74,85,48,24
973,83,75-84,Female,White,Not Hispanic or Latino,CT,0,0,0,0,0,0,0,0,0,0,0,0,0,0,0,0,0
1033,75,75-84,Male,White,Not Hispanic or Latino,IL,0,1,0,5,5,0,0,0,0,0,1,0,24,20,28,6,12
1093,74,65-74,Male,White,Not Hispanic or Latino,AR,0,0,0,8,8,0,0,0,0,0,0,0,89,81,92,12,5
1153,73,65-74,Female,Others,Others,MI,0,5,0,57,47,0,1,0,0,1,1,0,6,6,6,116,28
1213,83,75-84,Male,White,Not Hispanic or Latino,PA,0,5,0,64,49,0,1,1,1,1,1,1,114,107,126,142,46
1273,67,65-74,Female,Others,Others,CA,0,4,0,21,17,0,0,0,0,0,1,0,5,5,5,40,19
11,70,65-74,Male,White,Not Hispanic or Latino,IN,0,0,0,0,0,0,0,0,0,0,0,0,0,0,0,0,0
71,74,65-74,Male,White,Not Hispanic or Latino,TX,3,7,0,61,49,0,1,1,1,1,1,1,83,75,87,126,44
131,71,65-74,Female,Black,Not Hispanic or Latino,TX,1,5,0,78,66,0,1,1,1,1,1,1,167,158,177,164,43
191,69,65-74,Female,White,Not Hispanic or Latino,SD,0,0,0,0,0,0,0,0,0,0,0,0,0,0,0,0,0
251,64,<65,Male,Black,Not Hispanic or Latino,AL,1,8,0,42,32,0,1,1,1,1,0,1,2,2,2,105,37
311,65,65-74,Male,White,Not Hispanic or Latino,IL,0,5,0,100,89,0,1,1,1,1,1,1,8,8,9,177,64
371,82,75-84,Female,White,Not Hispanic or Latino,NY,0,4,0,44,34,0,1,1,1,0,1,0,48,48,49,80,33
431,76,75-84,Male,White,Not Hispanic or Latino,FL,0,5,0,80,56,0,1,1,1,1,1,1,10,10,10,160,49
491,76,75-84,Male,White,Not Hispanic or Latino,TX,0,11,0,77,55,0,1,1,1,1,1,0,96,90,102,168,61
551,25,<65,Male,Hispanic,Hispanic or Latino,CA,0,0,0,0,0,0,0,0,0,0,0,0,0,0,0,0,0
14,73,65-74,Female,White,Not Hispanic or Latino,VA,0,6,0,46,25,0,0,1,0,1,0,0,6,6,6,103,32
74,66,65-74,Female,White,Not Hispanic or Latino,MO,0,0,0,6,5,0,1,1,0,0,0,0,0,0,0,17,6
134,72,65-74,Male,White,Not Hispanic or Latino,IL,3,12,0,62,42,0,1,1,1,1,1,1,91,86,92,136,45
194,82,75-84,Male,White,Not Hispanic or Latino,FL,5,23,0,156,80,0,1,1,1,1,1,1,191,176,198,309,81
254,49,<65,Female,White,Not Hispanic or Latino,TX,3,10,0,106,51,0,1,1,1,1,1,1,99,93,101,232,88
314,67,65-74,Male,White,Not Hispanic or Latino,RI,0,0,0,1,1,0,0,0,0,0,0,0,129,116,132,2,1
374,76,75-84,Male,Black,Not Hispanic or Latino,NJ,0,1,0,36,32,0,1,0,0,0,1,0,3,3,3,75,38
434,83,75-84,Female,White,Not Hispanic or Latino,NC,0,5,0,34,28,0,1,0,1,1,1,1,9,9,9,71,28
494,82,75-84,Female,White,Not Hispanic or Latino,MO,0,0,0,35,21,0,1,1,0,1,1,1,2,2,2,72,29
554,77,75-84,Female,White,Not Hispanic or Latino,TX,0,3,0,27,25,0,1,0,1,1,1,1,5,5,5,70,21
614,82,75-84,Female,White,Not Hispanic or Latino,CA,0,0,0,3,3,0,0,0,0,0,0,0,136,123,143,6,3
674,66,65-74,Female,White,Not Hispanic or Latino,TN,0,0,0,0,0,0,0,0,0,0,0,0,0,0,0,0,0
734,96,85+,Female,White,Not Hispanic or Latino,NJ,2,16,0,82,60,0,1,1,1,1,1,1,11,10,11,159,57
794,75,75-84,Male,Black,Not Hispanic or Latino,IL,0,1,0,9,4,0,0,1,0,0,1,0,110,100,115,19,10
854,65,65-74,Male,White,Not Hispanic or Latino,CA,0,12,0,68,48,0,1,0,1,1,1,0,44,43,52,129,52
914,84,75-84,Female,White,Not Hispanic or Latino,FL,0,4,0,53,46,0,1,0,1,1,1,0,68,67,76,114,46
974,85,85+,Male,White,Not Hispanic or Latino,RI,2,15,0,111,56,0,1,1,1,1,1,1,12,11,12,226,65
1034,74,65-74,Female,Others,Others,FL,0,0,0,0,0,0,0,0,0,0,0,0,0,0,0,0,0
1094,71,65-74,Male,Black,Not Hispanic or Latino,IL,0,8,0,32,28,0,1,1,1,0,0,1,7,7,8,68,38
1154,65,65-74,Male,White,Not Hispanic or Latino,NE,1,17,0,125,40,0,1,1,1,1,1,1,11,10,11,245,84
10,66,65-74,Female,White,Not Hispanic or Latino,TX,0,1,0,2,2,0,0,0,0,0,0,0,50,48,53,1,3
70,83,75-84,Female,Hispanic,Hispanic or Latino,CA,1,0,0,6,6,0,0,0,1,0,0,0,56,56,60,14,5
130,77,75-84,Male,White,Not Hispanic or Latino,LA,0,0,0,0,0,0,0,0,0,0,0,0,14,14,14,0,0
190,67,65-74,Female,White,Not Hispanic or Latino,MI,0,4,0,36,26,0,1,0,0,1,1,0,4,4,4,68,31
250,68,65-74,Female,White,Not Hispanic or Latino,VA,0,11,0,67,31,0,1,0,0,1,1,1,133,117,141,132,50
310,84,75-84,Female,Others,Others,CA,0,3,0,5,5,0,1,0,0,0,0,1,126,117,136,16,6
370,83,75-84,Female,White,Not Hispanic or Latino,ID,1,3,0,36,24,0,1,1,0,1,1,1,3,3,3,89,29
430,65,65-74,Male,White,Not Hispanic or Latino,LA,0,0,0,0,0,0,0,0,0,0,0,0,0,0,0,0,0
490,88,85+,Female,White,Not Hispanic or Latino,WA,0,0,0,0,0,0,0,0,0,0,0,0,0,0,0,0,0
550,83,75-84,Female,White,Not Hispanic or Latino,CA,0,2,0,104,53,0,1,1,1,1,1,0,2,2,2,184,59
610,67,65-74,Female,White,Not Hispanic or Latino,IN,0,23,0,73,49,0,1,1,1,1,1,1,76,71,81,137,54
15,77,75-84,Female,Others,Others,CA,0,1,0,52,50,0,1,0,1,0,0,1,154,135,170,108,34
75,71,65-74,Female,White,Not Hispanic or Latino,OH,0,2,0,49,38,0,1,1,1,1,1,1,50,48,57,93,37
135,80,75-84,Female,White,Not Hispanic or Latino,LA,1,17,0,123,80,0,1,1,1,1,1,1,89,86,97,225,82
195,66,65-74,Male,White,Not Hispanic or Latino,VA,0,0,0,25,18,0,1,1,1,1,0,1,33,33,37,59,15
255,53,<65,Female,White,Not Hispanic or Latino,MO,0,0,0,4,4,0,1,0,0,0,0,1,137,129,133,8,4
315,86,85+,Female,White,Not Hispanic or Latino,NC,0,6,0,44,34,0,0,0,1,0,1,1,7,7,6,79,40
375,86,85+,Male,White,Not Hispanic or Latino,MN,0,1,0,4,3,0,0,0,0,1,0,0,130,106,130,8,2
435,92,85+,Female,White,Not Hispanic or Latino,PA,0,18,0,54,31,0,1,1,1,1,1,1,66,59,74,102,30
495,73,65-74,Female,White,Not Hispanic or Latino,IL,2,15,0,126,60,0,1,1,1,1,1,1,108,103,113,265,81
555,68,65-74,Male,White,Not Hispanic or Latino,MO,0,0,0,10,9,0,0,0,1,0,1,0,0,0,0,19,8
615,59,<65,Male,White,Not Hispanic or Latino,CA,0,7,0,28,22,0,0,0,1,0,1,0,53,50,61,55,25
675,77,75-84,Female,Others,Others,CA,1,6,0,43,24,0,1,1,1,1,1,0,8,8,8,97,33
735,69,65-74,Male,White,Not Hispanic or Latino,IA,0,16,0,19,11,0,1,1,1,0,1,0,1,1,1,32,9
795,78,75-84,Female,White,Not Hispanic or Latino,WA,0,0,0,2,2,0,0,0,0,0,0,0,59,57,69,4,0
855,69,65-74,Male,White,Not Hispanic or Latino,UT,1,15,0,57,32,0,1,1,1,0,1,1,89,88,94,119,50
915,67,65-74,Female,White,Not Hispanic or Latino,Missing,0,0,0,0,0,0,0,0,0,0,0,0,51,47,59,0,0
975,67,65-74,Female,White,Not Hispanic or Latino,OH,0,14,0,53,38,0,1,0,0,0,1,1,8,7,8,102,36
1035,55,<65,Male,Black,Not Hispanic or Latino,GA,1,5,0,21,15,0,1,1,1,1,0,1,62,61,75,60,11
1095,57,<65,Female,White,Not Hispanic or Latino,TX,0,0,0,0,0,0,0,0,0,0,0,0,0,0,0,0,0
1155,82,75-84,Female,Black,Not Hispanic or Latino,SC,0,0,0,0,0,0,0,0,0,0,0,0,0,0,0,0,0
1215,70,65-74,Male,Others,Others,WA,0,0,0,0,0,0,0,0,0,0,0,0,0,0,0,0,0
1275,78,75-84,Male,White,Not Hispanic or Latino,NJ,1,19,0,62,40,0,1,1,1,1,1,1,127,115,126,114,43
17,81,75-84,Male,White,Not Hispanic or Latino,ID,1,14,0,41,24,0,1,1,1,1,1,1,78,76,87,93,24
77,76,75-84,Male,Others,Others,CA,0,0,0,0,0,0,0,0,0,0,0,0,12,12,10,0,0
137,72,65-74,Female,Black,Not Hispanic or Latino,MI,0,0,0,0,0,0,0,0,0,0,0,0,0,0,0,0,0
197,77,75-84,Male,White,Not Hispanic or Latino,MS,0,16,0,163,82,0,1,1,1,1,1,1,172,157,183,305,83
257,82,75-84,Male,White,Not Hispanic or Latino,FL,1,6,0,35,30,0,1,0,0,0,1,1,32,32,41,75,38
317,68,65-74,Female,White,Not Hispanic or Latino,MI,2,16,0,90,69,0,1,1,1,1,1,1,4,4,4,172,47
377,80,75-84,Male,White,Not Hispanic or Latino,MD,0,4,0,18,16,0,0,1,0,1,0,1,2,2,2,39,21
437,80,75-84,Male,White,Not Hispanic or Latino,IN,0,9,0,52,40,0,1,0,1,1,0,1,9,9,10,119,37
497,67,65-74,Male,White,Not Hispanic or Latino,OH,0,0,0,3,3,0,0,0,0,0,1,0,50,44,50,9,3
557,78,75-84,Female,Others,Others,CA,0,2,0,70,52,0,1,1,1,1,1,1,134,119,142,142,49
617,55,<65,Female,White,Not Hispanic or Latino,NC,0,0,0,0,0,0,0,0,0,0,0,0,18,17,19,0,0
677,69,65-74,Male,White,Not Hispanic or Latino,AL,0,1,0,13,12,0,0,0,1,0,1,0,11,10,10,29,13
737,87,85+,Female,White,Not Hispanic or Latino,FL,1,15,0,54,48,0,1,1,1,1,1,1,115,103,117,98,41
797,34,<65,Female,White,Not Hispanic or Latino,OK,0,10,0,48,30,0,1,1,1,0,1,0,147,132,156,91,32
857,83,75-84,Female,White,Not Hispanic or Latino,MI,1,1,0,21,14,0,1,0,1,1,0,0,11,11,11,38,16
917,61,<65,Male,White,Not Hispanic or Latino,NJ,1,2,0,32,29,0,1,1,1,1,1,1,12,11,12,90,38
977,76,75-84,Female,Black,Not Hispanic or Latino,NY,0,0,0,2,2,0,0,1,0,0,0,0,11,10,15,7,3
1037,83,75-84,Female,Black,Not Hispanic or Latino,NY,0,0,0,0,0,0,0,0,0,0,0,0,18,17,19,0,0
1097,71,65-74,Female,White,Not Hispanic or Latino,VA,0,24,0,122,55,0,1,1,1,0,1,1,108,100,128,254,84
1157,71,65-74,Male,White,Not Hispanic or Latino,LA,0,1,0,31,22,0,1,0,1,0,0,1,2,2,3,67,26
19,83,75-84,Female,White,Not Hispanic or Latino,NY,0,14,0,53,39,0,1,1,1,1,1,1,1,1,1,111,39
79,72,65-74,Male,Others,Others,MN,0,1,0,19,14,0,1,1,0,0,1,0,42,41,47,39,13
139,40,<65,Male,Black,Not Hispanic or Latino,CA,0,0,0,32,30,0,1,0,1,1,1,0,61,55,63,67,22
199,88,85+,Female,Black,Not Hispanic or Latino,TX,4,25,0,175,107,0,1,1,1,1,1,1,140,126,144,328,86
259,71,65-74,Female,White,Not Hispanic or Latino,VA,0,0,0,2,2,0,0,0,0,0,0,0,4,4,4,4,1
319,45,<65,Female,White,Not Hispanic or Latino,VA,0,6,0,36,24,0,1,0,1,1,0,0,71,68,78,68,34
379,69,65-74,Male,White,Not Hispanic or Latino,WV,1,24,0,74,41,0,1,1,1,0,1,1,155,148,170,162,68
439,86,85+,Female,White,Not Hispanic or Latino,MI,1,1,0,66,44,0,1,1,1,1,0,1,106,94,110,140,39
499,68,65-74,Female,White,Not Hispanic or Latino,FL,0,0,0,1,1,0,0,0,0,0,0,0,66,63,67,0,1
559,77,75-84,Male,White,Not Hispanic or Latino,UT,1,15,0,124,44,0,1,1,1,1,1,1,7,7,10,221,76
619,88,85+,Female,White,Not Hispanic or Latino,MA,0,0,0,0,0,0,0,0,0,0,0,0,50,50,61,0,0
679,68,65-74,Male,White,Not Hispanic or Latino,MA,0,1,0,1,1,0,0,0,1,0,0,0,8,8,8,2,0
739,82,75-84,Male,White,Not Hispanic or Latino,RI,0,18,0,87,55,0,1,1,1,1,1,1,17,16,17,170,72
799,72,65-74,Male,White,Not Hispanic or Latino,CT,0,2,0,46,33,0,1,0,1,0,1,1,31,31,40,88,31
859,44,<65,Male,White,Not Hispanic or Latino,NY,0,0,0,1,1,0,0,0,0,0,0,0,39,38,42,0,1
16,67,65-74,Male,Others,Others,WI,0,2,0,10,6,0,0,0,0,1,0,0,24,23,33,17,9
76,95,85+,Female,White,Not Hispanic or Latino,OH,0,1,0,36,31,0,1,1,0,1,1,0,5,4,5,84,20
136,72,65-74,Male,White,Not Hispanic or Latino,CT,0,0,0,0,0,0,0,0,0,0,0,0,0,0,0,0,0
196,66,65-74,Male,White,Not Hispanic or Latino,CA,0,3,0,7,7,0,1,0,0,0,0,0,181,153,183,17,14
256,34,<65,Male,Hispanic,Hispanic or Latino,TX,0,14,0,79,38,0,1,1,1,0,1,1,42,40,44,163,51
316,67,65-74,Male,White,Not Hispanic or Latino,TX,0,0,0,2,2,0,0,0,0,0,0,0,68,65,77,4,1
376,76,75-84,Male,White,Not Hispanic or Latino,FL,1,17,0,87,60,0,1,0,1,1,1,1,178,160,189,178,63
436,66,65-74,Female,White,Not Hispanic or Latino,TX,0,14,0,90,56,0,1,1,1,1,1,1,67,65,70,174,59
496,68,65-74,Female,White,Not Hispanic or Latino,MI,5,18,0,134,72,0,1,1,1,1,1,1,189,179,200,278,87
556,93,85+,Female,Others,Others,CA,1,13,0,61,47,0,1,1,1,0,1,0,195,178,210,136,46
616,75,75-84,Female,White,Not Hispanic or Latino,CA,1,12,0,119,72,0,1,1,1,1,1,1,14,12,14,238,77
676,69,65-74,Male,Black,Not Hispanic or Latino,OR,0,0,0,0,0,0,0,0,0,0,0,0,0,0,0,0,0
736,76,75-84,Female,White,Not Hispanic or Latino,WI,1,10,0,127,25,0,1,1,1,1,1,1,8,8,9,239,69
796,66,65-74,Male,White,Not Hispanic or Latino,KS,1,13,0,68,37,0,1,1,1,1,1,1,5,5,5,150,46
856,81,75-84,Female,White,Not Hispanic or Latino,SC,0,1,0,21,18,0,1,1,1,0,0,0,100,94,111,48,19
916,76,75-84,Male,Others,Others,AK,1,9,0,41,34,0,1,0,0,1,0,0,2,2,2,81,31
976,83,75-84,Female,White,Not Hispanic or Latino,ID,0,1,0,8,7,0,0,1,0,0,0,0,1,1,1,31,11
1036,68,65-74,Male,White,Not Hispanic or Latino,AR,0,6,0,55,30,0,1,1,1,1,1,1,6,6,6,122,37
18,66,65-74,Male,Black,Not Hispanic or Latino,SC,0,0,0,4,4,0,0,0,0,1,0,0,134,121,129,14,2
78,89,85+,Female,White,Not Hispanic or Latino,MO,1,1,0,10,10,0,1,0,0,0,1,1,1,1,2,30,10
138,74,65-74,Male,White,Not Hispanic or Latino,IN,0,18,0,43,24,0,1,1,1,0,0,1,7,7,10,87,28
198,78,75-84,Male,White,Not Hispanic or Latino,PA,1,1,0,30,19,0,1,1,0,0,1,0,7,7,7,79,20
258,46,<65,Female,White,Not Hispanic or Latino,CA,1,16,0,108,86,0,1,0,1,0,1,1,190,169,189,200,54
318,74,65-74,Male,Others,Others,CA,0,5,0,21,18,0,1,0,0,0,0,0,2,2,2,46,20
378,74,65-74,Male,White,Not Hispanic or Latino,MT,0,0,0,0,0,0,0,0,0,0,0,0,0,0,0,0,0
438,98,85+,Female,White,Not Hispanic or Latino,VA,0,4,0,72,55,0,1,0,1,0,1,1,6,6,6,159,51
498,91,85+,Female,White,Not Hispanic or Latino,CT,0,0,0,0,0,0,0,0,0,0,0,0,0,0,0,0,0
558,78,75-84,Female,White,Not Hispanic or Latino,CO,0,11,0,45,30,0,1,0,0,1,1,0,5,4,4,87,38
618,74,65-74,Female,White,Not Hispanic or Latino,LA,0,3,0,38,30,0,1,1,1,1,1,1,6,5,6,77,31
678,68,65-74,Male,White,Not Hispanic or Latino,WV,1,4,0,22,18,0,1,0,1,1,0,0,2,2,2,48,16
738,82,75-84,Male,White,Not Hispanic or Latino,MN,0,1,0,71,34,0,1,0,1,1,1,1,179,157,183,155,52
798,73,65-74,Female,White,Not Hispanic or Latino,TX,0,1,0,44,34,0,1,0,1,0,1,1,2,2,2,72,40
20,64,<65,Female,Black,Not Hispanic or Latino,FL,1,11,0,39,38,0,1,1,1,0,1,1,6,6,6,65,22
80,65,65-74,Male,White,Not Hispanic or Latino,CO,3,4,0,32,21,0,1,1,0,0,1,1,180,163,188,88,18
140,71,65-74,Female,White,Not Hispanic or Latino,MA,0,7,0,85,68,0,1,1,1,1,1,1,59,55,64,178,57
200,79,75-84,Female,White,Not Hispanic or Latino,TX,0,17,0,69,36,0,1,1,1,0,1,1,144,135,156,132,37
260,44,<65,Female,White,Not Hispanic or Latino,MO,0,0,0,0,0,0,0,0,0,0,0,0,0,0,0,0,0
320,69,65-74,Female,White,Not Hispanic or Latino,TX,0,9,0,60,39,0,1,1,1,1,1,1,4,4,4,108,38
380,69,65-74,Male,White,Not Hispanic or Latino,NY,1,0,0,56,49,0,1,1,0,1,1,1,8,7,8,122,43
440,72,65-74,Male,Black,Not Hispanic or Latino,MD,0,0,0,37,28,0,1,1,1,1,0,1,30,30,30,59,20
500,57,<65,Male,White,Not Hispanic or Latino,CT,0,0,0,0,0,0,0,0,0,0,0,0,0,0,0,0,0
560,73,65-74,Female,Others,Others,NV,0,1,0,5,5,0,1,0,0,0,0,0,1,1,1,12,4
620,74,65-74,Female,White,Not Hispanic or Latino,OH,0,9,0,42,30,0,1,0,1,0,1,1,10,10,10,78,35
680,73,65-74,Male,White,Not Hispanic or Latino,MO,0,3,0,14,10,0,1,1,1,1,1,1,5,5,6,38,9
740,81,75-84,Female,White,Not Hispanic or Latino,TN,0,1,0,2,2,0,0,0,1,0,0,1,88,87,96,5,1
800,69,65-74,Male,Black,Not Hispanic or Latino,VA,1,6,0,87,41,0,1,1,1,0,1,1,85,80,95,158,63
860,89,85+,Female,White,Not Hispanic or Latino,OR,0,1,0,25,19,0,1,0,0,0,1,0,53,50,54,53,16
21,49,<65,Male,White,Not Hispanic or Latino,IL,0,0,0,0,0,0,0,0,0,0,0,0,0,0,0,0,0
81,74,65-74,Male,White,Not Hispanic or Latino,NC,2,17,0,110,57,0,1,1,1,1,1,1,120,113,129,227,89
141,82,75-84,Female,White,Not Hispanic or Latino,MO,0,0,0,2,2,0,0,0,0,0,0,0,40,40,42,4,1
201,72,65-74,Female,White,Not Hispanic or Latino,CT,0,0,0,0,0,0,0,0,0,0,0,0,0,0,0,0,0
261,69,65-74,Male,White,Not Hispanic or Latino,TN,0,2,0,28,21,0,1,0,1,0,1,1,92,85,99,52,22
321,70,65-74,Male,White,Not Hispanic or Latino,KY,0,0,0,3,3,0,0,0,0,0,0,0,59,58,69,9,2
381,46,<65,Male,White,Not Hispanic or Latino,AZ,0,1,0,32,25,0,1,0,1,1,1,1,58,55,63,66,21
441,63,<65,Male,White,Not Hispanic or Latino,VA,0,19,0,38,21,0,1,1,1,0,0,0,102,98,106,56,22
501,52,<65,Male,Black,Not Hispanic or Latino,PA,1,23,0,131,57,0,1,1,1,1,1,1,158,147,161,282,99
561,65,65-74,Male,Black,Not Hispanic or Latino,PA,0,0,0,41,26,0,1,1,0,1,1,0,0,0,0,98,37
621,95,85+,Male,White,Not Hispanic or Latino,IN,1,21,0,133,42,0,1,1,1,1,1,1,198,182,199,222,77
681,57,<65,Male,White,Not Hispanic or Latino,VA,0,5,0,47,27,0,1,1,1,1,1,1,5,4,5,102,33
741,71,65-74,Female,White,Not Hispanic or Latino,MN,0,0,0,4,2,0,0,0,0,0,0,1,55,51,58,11,4
801,52,<65,Male,White,Not Hispanic or Latino,SC,0,2,0,11,10,0,0,0,0,1,0,0,21,21,21,25,14
861,51,<65,Male,White,Not Hispanic or Latino,PA,0,8,0,52,45,0,1,1,1,0,1,1,12,12,13,95,39
23,96,85+,Female,White,Not Hispanic or Latino,TX,0,1,0,5,5,0,0,0,0,0,0,0,93,89,101,15,8
83,79,75-84,Male,White,Not Hispanic or Latino,MS,1,11,0,132,55,0,1,1,1,1,1,1,132,120,143,255,82
143,84,75-84,Male,White,Not Hispanic or Latino,IN,0,6,0,54,32,0,1,1,0,1,0,1,14,14,15,111,25
203,69,65-74,Male,Others,Others,NV,0,6,0,41,26,0,0,0,1,1,1,0,38,35,43,67,33
263,69,65-74,Female,White,Not Hispanic or Latino,AR,0,0,0,0,0,0,0,0,0,0,0,0,0,0,0,0,0
323,69,65-74,Male,White,Not Hispanic or Latino,CA,0,0,0,18,18,0,1,0,0,0,0,0,16,16,19,41,15
383,79,75-84,Female,White,Not Hispanic or Latino,FL,0,1,0,2,2,0,0,0,0,0,0,0,71,68,80,5,3
443,67,65-74,Female,White,Not Hispanic or Latino,MN,0,0,0,38,17,0,1,0,1,0,0,1,48,47,48,86,30
503,73,65-74,Female,Black,Not Hispanic or Latino,NY,0,0,0,0,0,0,0,0,0,0,0,0,10,10,12,0,0
563,88,85+,Female,Black,Not Hispanic or Latino,LA,0,0,0,13,13,0,0,0,1,0,0,0,24,24,27,32,15
623,70,65-74,Female,White,Not Hispanic or Latino,NC,0,14,0,86,49,0,1,1,1,1,1,1,81,80,79,173,73
683,79,75-84,Female,White,Not Hispanic or Latino,VA,1,9,0,47,29,0,1,0,1,0,1,0,3,3,3,100,32
743,65,65-74,Female,White,Not Hispanic or Latino,FL,0,5,0,66,40,0,1,1,1,0,1,0,9,9,9,124,51
803,71,65-74,Male,Black,Not Hispanic or Latino,NY,0,0,0,1,1,0,1,0,0,0,0,0,44,39,48,5,0
863,59,<65,Male,White,Not Hispanic or Latino,CA,2,16,0,56,32,0,1,0,1,0,1,0,9,9,10,103,44
923,83,75-84,Female,White,Not Hispanic or Latino,KY,4,8,0,130,44,0,1,1,1,1,1,1,131,124,140,264,80
24,69,65-74,Male,White,Not Hispanic or Latino,HI,0,0,0,0,0,0,0,0,0,0,0,0,0,0,0,0,0
84,97,85+,Female,White,Not Hispanic or Latino,FL,0,1,0,54,41,0,1,0,0,1,1,0,37,37,45,114,45
144,77,75-84,Female,White,Not Hispanic or Latino,TX,0,16,0,123,54,0,1,1,1,0,1,1,191,171,192,257,78
204,75,75-84,Female,White,Not Hispanic or Latino,MN,0,0,0,0,0,0,0,0,0,0,0,0,0,0,0,0,0
264,82,75-84,Male,White,Not Hispanic or Latino,RI,0,5,0,28,18,0,1,0,1,0,1,0,2,2,2,68,25
324,81,75-84,Male,White,Not Hispanic or Latino,MI,0,10,0,78,45,0,1,0,0,1,1,0,79,74,86,167,55
384,87,85+,Male,White,Not Hispanic or Latino,MN,1,2,0,38,14,0,1,1,0,0,1,1,10,9,10,98,30
444,73,65-74,Female,Black,Not Hispanic or Latino,GA,0,0,0,3,2,0,1,0,0,0,1,0,57,55,63,12,1
504,78,75-84,Female,White,Not Hispanic or Latino,GA,0,0,0,0,0,0,0,0,0,0,0,0,0,0,0,0,0
564,81,75-84,Female,White,Not Hispanic or Latino,VA,7,16,0,136,61,0,1,1,1,1,1,1,13,12,12,260,73
624,69,65-74,Male,White,Not Hispanic or Latino,WI,0,1,0,23,18,0,1,0,1,0,1,0,9,9,10,56,15
684,86,85+,Female,White,Not Hispanic or Latino,TN,0,11,0,42,27,0,0,1,1,0,1,1,3,3,3,76,34
744,76,75-84,Male,White,Not Hispanic or Latino,PA,0,3,0,17,15,0,1,0,0,0,0,0,2,2,2,37,14
804,90,85+,Female,White,Not Hispanic or Latino,WI,0,0,0,27,12,0,1,1,1,1,1,1,21,21,20,69,21
864,55,<65,Female,Black,Not Hispanic or Latino,CA,0,0,0,26,25,0,1,0,0,0,1,0,178,162,188,61,22
924,62,<65,Female,White,Not Hispanic or Latino,SD,4,20,0,139,42,0,1,1,1,1,1,1,123,117,126,269,78
984,67,65-74,Male,White,Not Hispanic or Latino,RI,0,0,0,0,0,0,0,0,0,0,0,0,0,0,0,0,0
1044,78,75-84,Female,White,Not Hispanic or Latino,NM,0,1,0,4,4,0,0,0,0,0,0,0,40,38,41,15,3
1104,70,65-74,Male,White,Not Hispanic or Latino,NY,0,14,0,56,50,0,1,1,1,0,0,1,5,5,6,77,31
1164,68,65-74,Male,White,Not Hispanic or Latino,TN,0,4,0,37,27,0,1,0,1,0,1,0,82,78,85,74,21
1224,66,65-74,Male,White,Not Hispanic or Latino,IN,0,13,0,66,44,0,1,0,0,1,1,1,3,3,3,114,46
22,56,<65,Male,Black,Not Hispanic or Latino,NY,6,17,0,131,106,0,1,1,1,1,1,1,206,190,205,268,86
82,87,85+,Female,White,Not Hispanic or Latino,IN,2,0,0,60,26,0,1,1,1,1,1,1,7,7,7,139,31
142,79,75-84,Male,Black,Not Hispanic or Latino,MD,0,0,0,0,0,0,0,0,0,0,0,0,33,32,37,0,0
202,68,65-74,Male,Others,Others,OR,2,5,0,92,55,0,1,1,1,1,1,1,10,9,11,151,39
262,58,<65,Male,White,Not Hispanic or Latino,CA,0,3,0,33,23,0,1,1,1,1,0,1,89,87,101,82,36
322,63,<65,Female,White,Not Hispanic or Latino,IL,1,4,0,6,4,0,1,0,0,0,0,0,40,40,45,19,6
382,90,85+,Female,White,Not Hispanic or Latino,TX,1,3,0,40,34,0,1,1,1,1,0,1,0,0,0,92,27
442,88,85+,Male,Black,Not Hispanic or Latino,NY,1,17,0,89,68,0,1,1,1,1,1,1,7,7,7,155,59
502,84,75-84,Female,White,Not Hispanic or Latino,CA,0,0,0,0,0,0,0,0,0,0,0,0,31,30,32,0,0
562,79,75-84,Female,White,Not Hispanic or Latino,IL,4,2,0,110,63,0,1,1,1,1,1,1,91,88,100,248,76
622,81,75-84,Female,White,Not Hispanic or Latino,CA,0,3,0,47,42,0,1,1,1,1,1,1,2,2,2,111,42
682,81,75-84,Male,Black,Not Hispanic or Latino,NY,1,3,0,31,28,0,1,0,0,1,0,0,3,3,3,56,23
742,79,75-84,Male,White,Not Hispanic or Latino,PA,0,1,0,3,3,0,0,0,1,0,0,1,100,94,107,5,1
802,67,65-74,Male,Black,Not Hispanic or Latino,FL,0,3,0,27,23,0,1,1,0,0,0,1,86,82,96,56,18
862,79,75-84,Male,White,Not Hispanic or Latino,IN,1,12,0,54,31,0,1,1,0,0,1,1,6,6,8,117,48
922,59,<65,Female,White,Not Hispanic or Latino,KY,0,1,0,20,17,0,1,0,1,0,0,0,56,52,63,46,25
982,72,65-74,Male,White,Not Hispanic or Latino,IL,1,25,0,90,43,0,1,1,1,1,1,1,112,106,110,164,60
1042,77,75-84,Female,White,Not Hispanic or Latino,MN,0,2,0,31,9,0,1,0,1,0,1,1,37,35,42,62,26
25,70,65-74,Female,White,Not Hispanic or Latino,RI,0,12,0,101,57,0,1,0,0,1,1,1,19,18,21,179,70
85,83,75-84,Male,White,Not Hispanic or Latino,NH,1,5,0,44,29,0,1,1,1,0,1,0,84,81,88,94,52
145,36,<65,Male,White,Not Hispanic or Latino,VA,0,5,0,20,12,0,1,0,0,0,0,1,140,134,161,47,20
205,86,85+,Female,White,Not Hispanic or Latino,TX,0,1,0,5,5,0,1,0,0,0,0,1,148,126,141,13,4
265,69,65-74,Male,White,Not Hispanic or Latino,NJ,0,0,0,0,0,0,0,0,0,0,0,0,0,0,0,0,0
325,75,75-84,Female,White,Not Hispanic or Latino,MN,0,0,0,0,0,0,0,0,0,0,0,0,0,0,0,0,0
385,50,<65,Male,White,Not Hispanic or Latino,FL,1,0,0,18,18,0,1,0,1,1,0,0,12,12,14,41,11
445,95,85+,Female,White,Not Hispanic or Latino,OH,3,22,0,152,67,0,1,1,1,1,1,1,194,174,190,271,85
505,66,65-74,Female,White,Not Hispanic or Latino,MO,2,1,0,58,25,0,1,1,1,1,0,1,98,90,103,112,34
565,67,65-74,Male,White,Not Hispanic or Latino,CA,0,5,0,35,27,0,1,0,1,1,1,0,7,7,9,73,28
625,71,65-74,Male,White,Not Hispanic or Latino,WY,0,1,0,43,28,0,0,1,0,0,1,0,0,0,0,95,26
685,67,65-74,Female,White,Not Hispanic or Latino,NM,0,0,0,0,0,0,0,0,0,0,0,0,0,0,0,0,0
745,84,75-84,Male,White,Not Hispanic or Latino,NY,1,9,0,91,57,0,1,1,1,0,1,1,9,9,9,192,68
805,68,65-74,Male,White,Not Hispanic or Latino,IL,0,5,0,56,44,0,1,0,1,1,1,1,61,57,68,113,52
865,87,85+,Female,Black,Not Hispanic or Latino,FL,0,8,0,57,55,0,1,0,1,1,1,1,96,88,98,108,40
26,69,65-74,Female,White,Not Hispanic or Latino,ME,0,0,0,1,1,0,0,0,0,0,0,0,73,67,78,0,1
86,77,75-84,Female,White,Not Hispanic or Latino,UT,0,0,0,3,3,0,1,0,0,0,0,0,128,115,127,8,3
146,74,65-74,Female,White,Not Hispanic or Latino,MI,0,2,0,15,14,0,1,0,0,0,1,0,2,2,2,34,9
206,75,75-84,Male,White,Not Hispanic or Latino,CA,0,8,0,24,16,0,1,0,0,0,1,0,70,66,80,50,27
266,88,85+,Male,White,Not Hispanic or Latino,TN,2,17,0,138,69,0,1,1,1,1,1,1,88,85,97,280,77
326,45,<65,Male,White,Not Hispanic or Latino,SD,1,13,0,73,30,0,1,1,0,0,1,1,3,3,3,134,63
386,74,65-74,Male,Others,Others,AZ,0,0,0,0,0,0,0,0,0,0,0,0,0,0,0,0,0
446,61,<65,Female,White,Not Hispanic or Latino,PA,0,27,0,49,28,0,1,1,1,0,1,1,125,114,132,94,43
506,75,75-84,Male,White,Not Hispanic or Latino,FL,1,1,0,64,41,0,0,1,0,1,1,1,2,2,2,127,51
566,78,75-84,Female,White,Not Hispanic or Latino,TX,2,31,0,188,110,0,1,1,1,1,1,1,202,137,191,271,82
28,67,65-74,Male,White,Not Hispanic or Latino,OH,0,20,0,156,79,0,1,1,1,1,1,1,21,20,21,271,105
88,84,75-84,Male,White,Not Hispanic or Latino,FL,2,22,0,171,101,0,1,1,1,1,1,1,8,7,8,301,84
148,41,<65,Male,White,Not Hispanic or Latino,FL,2,37,0,208,125,0,1,1,1,1,1,1,57,23,40,306,83
208,40,<65,Male,Black,Not Hispanic or Latino,OH,3,28,0,180,91,0,1,1,1,0,1,1,114,105,104,337,113
268,73,65-74,Male,White,Not Hispanic or Latino,CO,2,14,0,122,54,0,1,1,1,0,1,1,194,178,208,239,86
328,75,75-84,Female,White,Not Hispanic or Latino,NY,0,12,0,54,41,0,1,0,1,0,1,1,143,135,157,100,39
388,66,65-74,Male,White,Not Hispanic or Latino,TX,0,6,0,47,40,0,1,1,1,1,1,1,13,13,13,86,31
448,73,65-74,Male,White,Not Hispanic or Latino,CO,0,0,0,0,0,0,0,0,0,0,0,0,0,0,0,0,0
508,68,65-74,Male,White,Not Hispanic or Latino,OH,0,6,0,80,44,0,1,1,0,1,1,1,10,10,10,129,47
568,73,65-74,Male,White,Not Hispanic or Latino,AR,0,0,0,0,0,0,0,0,0,0,0,0,0,0,0,0,0
628,85,85+,Male,White,Not Hispanic or Latino,MI,2,27,0,146,73,0,1,1,1,1,1,1,178,123,160,214,74
688,77,75-84,Male,Hispanic,Hispanic or Latino,FL,1,5,0,58,49,0,1,1,1,1,1,1,75,73,82,135,43
748,83,75-84,Female,White,Not Hispanic or Latino,OH,0,6,0,15,11,0,1,0,1,0,0,0,52,49,57,42,20
29,57,<65,Female,White,Not Hispanic or Latino,FL,1,18,0,74,63,0,1,1,1,1,1,0,107,99,112,157,48
89,84,75-84,Female,White,Not Hispanic or Latino,RI,0,6,0,51,34,0,0,0,0,0,1,0,6,6,6,115,50
149,81,75-84,Female,White,Not Hispanic or Latino,FL,0,9,0,33,27,0,1,0,0,1,1,0,2,2,2,51,29
209,72,65-74,Male,White,Not Hispanic or Latino,OK,1,5,0,109,83,0,1,1,1,1,1,1,4,4,4,190,52
269,64,<65,Female,Black,Not Hispanic or Latino,AL,0,1,0,12,8,0,1,1,1,0,0,1,11,11,11,47,8
329,66,65-74,Male,White,Not Hispanic or Latino,TX,1,15,0,56,36,0,1,1,0,1,0,1,4,4,4,114,37
389,76,75-84,Male,White,Not Hispanic or Latino,CA,2,21,0,88,77,0,1,1,1,1,1,1,5,5,5,172,53
449,77,75-84,Female,Black,Not Hispanic or Latino,AL,0,5,0,44,24,0,1,0,0,0,1,1,11,11,14,89,38
509,82,75-84,Male,White,Not Hispanic or Latino,NY,0,5,0,73,49,0,1,1,1,0,1,1,7,7,7,170,60
569,84,75-84,Female,White,Not Hispanic or Latino,ID,1,21,0,150,76,0,1,1,1,1,1,1,113,108,125,267,97
629,94,85+,Female,White,Not Hispanic or Latino,IN,2,10,0,69,42,0,1,1,1,1,1,1,162,152,158,157,46
689,92,85+,Female,White,Not Hispanic or Latino,WA,0,22,0,59,27,0,1,1,1,1,1,1,120,114,127,111,39
749,71,65-74,Female,White,Not Hispanic or Latino,AL,2,24,0,52,29,0,1,1,0,1,1,0,165,150,170,117,36
809,76,75-84,Male,White,Not Hispanic or Latino,NC,3,4,0,90,38,0,1,1,1,1,1,1,98,92,109,185,68
869,71,65-74,Female,White,Not Hispanic or Latino,WI,0,0,0,0,0,0,0,0,0,0,0,0,0,0,0,0,0
929,86,85+,Female,White,Not Hispanic or Latino,IA,1,6,0,60,19,0,1,1,1,1,1,0,4,3,5,127,45
27,74,65-74,Male,White,Not Hispanic or Latino,FL,0,14,0,112,75,0,1,1,1,1,1,1,10,10,10,229,78
87,97,85+,Female,White,Not Hispanic or Latino,AR,1,13,0,107,54,0,1,0,1,1,1,1,124,117,131,215,87
147,68,65-74,Female,Black,Not Hispanic or Latino,MS,1,20,0,86,36,0,1,1,1,1,1,1,31,31,37,169,56
207,65,65-74,Male,White,Not Hispanic or Latino,FL,6,13,0,155,101,0,1,1,1,1,1,1,8,8,8,289,83
267,77,75-84,Male,White,Not Hispanic or Latino,NC,0,0,0,0,0,0,0,0,0,0,0,0,0,0,0,0,0
327,45,<65,Female,Black,Not Hispanic or Latino,MI,1,0,0,53,34,0,1,1,1,1,1,1,15,15,19,111,38
387,73,65-74,Male,White,Not Hispanic or Latino,IA,3,8,0,115,56,0,1,1,1,1,1,1,74,67,79,265,72
447,75,75-84,Male,Others,Others,CA,0,0,0,5,5,0,0,0,1,1,0,0,44,43,51,9,5
507,85,85+,Male,White,Not Hispanic or Latino,FL,0,17,0,84,64,0,1,0,1,1,1,1,11,11,12,172,73
567,75,75-84,Male,Others,Others,CA,1,15,0,78,68,0,1,0,1,1,1,1,111,106,121,170,47
627,75,75-84,Male,White,Not Hispanic or Latino,FL,2,14,0,109,68,0,1,1,1,1,1,1,7,7,7,232,93
687,68,65-74,Male,White,Not Hispanic or Latino,NC,0,1,0,36,28,0,1,0,0,1,1,0,3,3,4,74,33
747,79,75-84,Female,Others,Others,TX,0,10,0,52,29,0,1,1,0,1,1,1,154,143,169,110,29
807,81,75-84,Female,White,Not Hispanic or Latino,CA,2,4,0,44,35,0,1,1,1,1,1,1,69,66,67,99,25
867,87,85+,Male,White,Not Hispanic or Latino,TX,0,0,0,52,42,0,1,0,1,0,1,0,51,51,58,111,36
927,83,75-84,Male,White,Not Hispanic or Latino,WA,0,7,0,58,30,0,1,1,1,1,1,0,12,12,12,98,47
30,77,75-84,Female,White,Not Hispanic or Latino,FL,0,17,0,78,59,0,1,1,1,1,1,1,184,169,188,170,40
90,85,85+,Female,Black,Not Hispanic or Latino,NY,0,0,0,0,0,0,0,0,0,0,0,0,38,34,40,0,0
150,73,65-74,Female,White,Not Hispanic or Latino,FL,0,5,0,25,21,0,1,1,1,1,1,0,2,2,3,55,23
210,72,65-74,Male,White,Not Hispanic or Latino,IA,0,0,0,0,0,0,0,0,0,0,0,0,172,159,184,0,0
270,59,<65,Male,Black,Not Hispanic or Latino,IL,0,0,0,0,0,0,0,0,0,0,0,0,0,0,0,0,0
330,38,<65,Male,White,Not Hispanic or Latino,AR,2,26,0,92,48,0,1,1,1,1,1,1,124,114,128,163,59
390,45,<65,Male,White,Not Hispanic or Latino,OR,0,0,0,0,0,0,0,0,0,0,0,0,0,0,0,0,0
450,94,85+,Male,White,Not Hispanic or Latino,VA,1,13,0,127,57,0,1,1,1,0,1,1,17,14,17,254,77
510,82,75-84,Male,Black,Not Hispanic or Latino,OH,1,15,0,109,67,0,1,0,1,1,1,1,13,12,13,214,89
570,75,75-84,Male,White,Not Hispanic or Latino,CA,0,0,0,0,0,0,0,0,0,0,0,0,40,40,45,0,0
630,72,65-74,Female,White,Not Hispanic or Latino,PA,0,1,0,10,10,0,1,0,0,0,1,1,60,57,66,22,8
690,71,65-74,Male,White,Not Hispanic or Latino,GA,1,27,0,99,68,0,1,1,1,1,1,1,155,139,152,197,63
31,32,<65,Female,Black,Not Hispanic or Latino,FL,0,0,0,0,0,0,0,0,0,0,0,0,20,20,24,0,0
91,67,65-74,Female,White,Not Hispanic or Latino,MS,2,13,0,107,49,0,1,1,1,1,1,1,96,93,102,213,61
151,70,65-74,Female,White,Not Hispanic or Latino,PA,0,5,0,54,40,0,1,0,1,1,1,1,5,5,5,120,44
211,41,<65,Male,Black,Not Hispanic or Latino,NJ,1,7,0,25,20,0,1,0,1,1,0,0,35,33,37,56,17
271,69,65-74,Male,White,Not Hispanic or Latino,MN,0,2,0,37,30,0,1,0,0,0,1,1,3,2,3,72,36
331,87,85+,Female,White,Not Hispanic or Latino,FL,1,6,0,41,35,0,1,0,0,1,1,0,1,1,1,82,31
391,95,85+,Female,White,Not Hispanic or Latino,VA,1,8,0,39,34,0,1,1,1,1,0,1,54,52,63,87,26
451,65,65-74,Male,White,Not Hispanic or Latino,KY,0,26,0,145,92,0,1,1,1,1,1,1,185,164,192,281,118
511,59,<65,Female,White,Not Hispanic or Latino,CA,0,5,0,13,13,0,1,0,0,0,0,1,118,107,126,31,14
571,69,65-74,Male,White,Not Hispanic or Latino,AZ,0,0,0,1,1,0,0,0,0,0,0,0,135,122,157,0,1
631,77,75-84,Female,White,Not Hispanic or Latino,NC,0,0,0,0,0,0,0,0,0,0,0,0,0,0,0,0,0
691,78,75-84,Female,White,Not Hispanic or Latino,WI,0,0,0,3,3,0,0,0,0,0,1,0,43,42,48,12,2
751,66,65-74,Female,White,Not Hispanic or Latino,GA,0,7,0,35,26,0,1,1,0,1,1,1,28,28,28,68,25
811,38,<65,Female,White,Not Hispanic or Latino,OR,0,6,0,32,27,0,0,1,0,0,1,1,50,47,57,58,21
871,86,85+,Female,White,Not Hispanic or Latino,SC,0,7,0,32,27,0,0,1,1,1,1,0,34,33,42,63,31
931,47,<65,Male,Black,Not Hispanic or Latino,NM,0,0,0,4,4,0,0,0,1,0,0,0,28,28,35,11,5
991,70,65-74,Male,White,Not Hispanic or Latino,TX,0,2,0,5,5,0,0,0,1,0,0,0,137,126,143,12,5
1051,64,<65,Male,White,Not Hispanic or Latino,NJ,0,4,0,39,28,0,0,0,0,0,1,0,3,3,3,63,31
1111,39,<65,Female,White,Not Hispanic or Latino,MI,0,20,0,48,29,0,1,0,1,1,1,0,82,77,87,82,37
32,71,65-74,Female,White,Not Hispanic or Latino,FL,0,1,0,37,35,0,1,0,1,1,1,1,68,64,76,72,21
92,67,65-74,Female,White,Not Hispanic or Latino,CO,2,10,0,99,49,0,1,1,1,0,1,0,6,6,6,201,67
152,78,75-84,Male,White,Not Hispanic or Latino,FL,0,0,0,4,4,0,0,0,0,0,0,0,134,116,126,11,6
212,56,<65,Male,Black,Not Hispanic or Latino,OH,1,7,0,33,24,0,1,1,1,0,1,0,5,5,5,71,15
272,82,75-84,Male,White,Not Hispanic or Latino,NC,0,7,0,51,37,0,1,1,0,1,1,0,4,4,5,100,40
332,80,75-84,Female,White,Not Hispanic or Latino,OH,0,4,0,37,24,0,1,1,0,0,1,0,3,3,3,80,31
392,72,65-74,Female,White,Not Hispanic or Latino,WI,1,12,0,80,36,0,1,1,0,0,1,0,4,4,4,172,72
452,77,75-84,Male,Black,Not Hispanic or Latino,GA,0,13,0,96,62,0,1,1,1,1,1,1,17,16,16,183,65
512,65,65-74,Female,White,Not Hispanic or Latino,MO,0,12,0,122,79,0,1,1,1,1,1,1,207,188,222,234,83
572,87,85+,Female,White,Not Hispanic or Latino,CA,0,0,0,2,2,0,1,0,0,0,0,0,88,82,94,7,1
632,65,65-74,Male,White,Not Hispanic or Latino,TN,0,0,0,0,0,0,0,0,0,0,0,0,0,0,0,0,0
692,57,<65,Male,White,Not Hispanic or Latino,FL,0,26,0,118,80,0,1,1,1,1,1,1,58,55,62,223,62
752,67,65-74,Male,White,Not Hispanic or Latino,AR,0,0,0,0,0,0,0,0,0,0,0,0,0,0,0,0,0
812,80,75-84,Female,White,Not Hispanic or Latino,AL,1,8,0,102,60,0,1,1,1,1,1,1,91,84,98,181,55
872,83,75-84,Female,White,Not Hispanic or Latino,OR,0,5,0,42,17,0,1,1,1,1,0,0,125,120,129,93,29
932,74,65-74,Female,White,Not Hispanic or Latino,MO,1,0,0,37,31,0,1,0,1,0,1,0,84,76,89,70,33
992,94,85+,Female,Others,Others,MA,2,13,0,105,64,0,1,1,1,1,1,1,77,71,82,213,63
1052,67,65-74,Male,White,Not Hispanic or Latino,WA,0,9,0,20,15,0,1,1,1,0,1,1,11,11,11,53,16
1112,68,65-74,Male,White,Not Hispanic or Latino,CO,0,0,0,0,0,0,0,0,0,0,0,0,7,7,8,0,0
1172,87,85+,Female,White,Not Hispanic or Latino,CT,0,12,0,34,29,0,1,1,1,0,1,0,63,60,67,76,23
1232,61,<65,Female,White,Not Hispanic or Latino,TX,0,0,0,1,1,0,0,0,0,0,0,0,72,69,75,2,1
1292,75,75-84,Female,White,Not Hispanic or Latino,NJ,1,2,0,118,78,0,1,1,1,1,1,1,10,9,9,225,69
34,67,65-74,Male,White,Not Hispanic or Latino,MI,0,7,0,18,15,0,1,0,0,0,0,0,3,3,4,40,14
94,86,85+,Male,Black,Not Hispanic or Latino,TX,1,17,0,93,60,0,1,1,1,1,1,1,11,9,9,180,60
154,55,<65,Female,White,Not Hispanic or Latino,NC,0,1,0,8,6,0,0,0,0,1,0,0,106,93,104,19,5
214,71,65-74,Male,Others,Others,CA,0,0,0,0,0,0,0,0,0,0,0,0,70,69,73,0,0
274,67,65-74,Male,White,Not Hispanic or Latino,NY,0,0,0,0,0,0,0,0,0,0,0,0,0,0,0,0,0
334,69,65-74,Female,White,Not Hispanic or Latino,UT,2,2,0,89,55,0,1,1,1,1,1,1,60,57,67,172,65
394,71,65-74,Female,White,Not Hispanic or Latino,AR,0,0,0,0,0,0,0,0,0,0,0,0,0,0,0,0,0
454,75,75-84,Male,White,Not Hispanic or Latino,AL,2,7,0,76,38,0,1,1,1,1,1,1,97,88,124,155,51
514,70,65-74,Female,White,Not Hispanic or Latino,AR,2,5,0,69,35,0,1,1,1,1,1,1,6,6,8,152,46
574,58,<65,Male,White,Not Hispanic or Latino,AR,0,8,0,36,22,0,1,1,1,0,1,0,156,146,169,73,31
634,83,75-84,Male,White,Not Hispanic or Latino,NJ,1,5,0,118,88,0,1,1,1,1,1,1,10,10,11,233,73
694,65,65-74,Male,White,Not Hispanic or Latino,PA,0,1,0,2,2,0,0,0,0,0,0,0,28,26,34,5,1
754,65,65-74,Female,White,Not Hispanic or Latino,OR,0,0,0,0,0,0,0,0,0,0,0,0,20,18,20,0,0
814,77,75-84,Male,White,Not Hispanic or Latino,GA,0,0,0,0,0,0,0,0,0,0,0,0,0,0,0,0,0
874,65,65-74,Female,White,Not Hispanic or Latino,OH,0,0,0,5,5,0,0,0,0,0,0,0,9,8,9,15,7
934,70,65-74,Male,White,Not Hispanic or Latino,TX,0,3,0,36,27,0,1,0,1,0,0,1,3,3,3,66,26
994,68,65-74,Female,White,Not Hispanic or Latino,KY,0,8,0,77,50,0,1,0,1,1,1,1,8,8,8,140,51
33,67,65-74,Female,White,Not Hispanic or Latino,GA,0,11,0,52,30,0,1,0,1,1,1,0,10,10,10,106,39
93,73,65-74,Female,White,Not Hispanic or Latino,IL,6,5,0,108,59,0,1,1,1,1,1,1,7,7,10,231,58
153,89,85+,Female,Others,Others,IL,0,8,0,27,20,0,1,0,1,0,1,1,73,69,76,53,19
213,89,85+,Female,White,Not Hispanic or Latino,WI,1,21,0,141,53,0,1,1,1,1,1,1,181,166,193,277,91
273,71,65-74,Male,White,Not Hispanic or Latino,PA,0,0,0,2,2,0,0,0,0,0,0,0,110,93,114,5,4
333,61,<65,Male,White,Not Hispanic or Latino,FL,1,3,0,25,20,0,1,0,0,0,0,0,86,81,87,58,23
393,88,85+,Male,White,Not Hispanic or Latino,PA,2,9,0,51,35,0,1,1,1,1,0,1,57,57,63,112,42
453,69,65-74,Female,White,Not Hispanic or Latino,CA,1,14,0,122,67,0,1,1,1,1,1,1,16,14,16,203,82
513,63,<65,Female,White,Not Hispanic or Latino,MS,0,0,0,0,0,0,0,0,0,0,0,0,0,0,0,0,0
573,78,75-84,Male,White,Not Hispanic or Latino,MI,0,8,0,29,22,0,1,0,1,0,1,0,9,8,9,61,22
633,33,<65,Female,White,Not Hispanic or Latino,MI,0,18,0,54,42,0,1,1,1,1,1,1,27,26,32,116,47
693,80,75-84,Female,Hispanic,Hispanic or Latino,Missing,0,0,0,5,3,0,0,0,0,0,0,0,103,100,108,7,3
753,88,85+,Female,White,Not Hispanic or Latino,FL,0,22,0,114,74,0,1,1,1,1,1,1,56,55,63,238,72
813,72,65-74,Female,White,Not Hispanic or Latino,NC,0,2,0,32,22,0,1,0,0,0,0,1,135,126,142,84,33
873,71,65-74,Male,White,Not Hispanic or Latino,WV,2,22,0,91,49,0,1,1,1,1,1,1,119,114,134,177,74
933,81,75-84,Male,White,Not Hispanic or Latino,MD,0,4,0,44,40,0,1,0,1,1,1,0,2,2,2,74,32
35,65,65-74,Male,White,Not Hispanic or Latino,LA,0,0,0,5,5,0,1,0,0,0,0,0,4,4,4,21,5
95,70,65-74,Male,White,Not Hispanic or Latino,GA,0,4,0,40,29,0,1,1,1,1,0,1,2,2,2,60,27
155,83,75-84,Female,White,Not Hispanic or Latino,PA,0,15,0,42,24,0,1,1,1,0,1,0,82,79,90,62,34
215,90,85+,Female,White,Not Hispanic or Latino,IL,0,0,0,2,2,0,1,0,0,0,0,0,121,113,129,6,2
275,67,65-74,Male,White,Not Hispanic or Latino,WA,0,0,0,0,0,0,0,0,0,0,0,0,10,10,10,0,0
335,77,75-84,Male,White,Not Hispanic or Latino,MI,0,0,0,9,8,0,0,0,0,0,0,0,28,28,30,23,7
395,65,65-74,Female,White,Not Hispanic or Latino,PA,1,20,0,41,21,0,1,1,1,0,1,0,51,47,55,86,37
455,70,65-74,Female,White,Not Hispanic or Latino,OH,0,4,0,38,28,0,1,0,1,1,1,0,75,69,82,71,33
515,62,<65,Male,White,Not Hispanic or Latino,ID,1,0,0,22,19,0,0,1,0,0,0,1,53,50,57,48,17
575,82,75-84,Female,White,Not Hispanic or Latino,FL,1,13,0,91,71,0,1,1,0,1,1,1,162,149,171,184,76
635,91,85+,Female,White,Not Hispanic or Latino,AR,3,7,0,87,36,0,1,1,1,1,1,1,14,13,14,192,70
695,77,75-84,Female,White,Not Hispanic or Latino,AZ,0,10,0,110,77,0,1,1,1,1,1,1,15,14,14,208,89
755,76,75-84,Male,White,Not Hispanic or Latino,TN,1,19,0,126,71,0,1,1,1,1,1,1,78,75,85,255,86
815,82,75-84,Male,White,Not Hispanic or Latino,NC,1,24,0,135,60,0,1,1,1,1,1,1,94,86,95,249,77
875,86,85+,Female,White,Not Hispanic or Latino,FL,1,9,0,84,64,0,1,1,1,1,1,1,77,77,83,162,63
935,70,65-74,Male,White,Not Hispanic or Latino,SC,0,6,0,43,35,0,1,0,1,1,1,0,94,91,101,101,25
995,77,75-84,Female,White,Not Hispanic or Latino,CA,0,2,0,82,53,0,1,1,1,0,1,1,5,5,6,170,46
1055,39,<65,Male,Black,Not Hispanic or Latino,NJ,0,0,0,0,0,0,0,0,0,0,0,0,0,0,0,0,0
1115,76,75-84,Male,White,Not Hispanic or Latino,NC,0,0,0,0,0,0,0,0,0,0,0,0,60,57,69,0,0
38,61,<65,Female,Black,Not Hispanic or Latino,VA,0,0,0,0,0,0,0,0,0,0,0,0,0,0,0,0,0
98,89,85+,Female,White,Not Hispanic or Latino,OH,0,0,0,0,0,0,0,0,0,0,0,0,43,41,45,0,0
158,80,75-84,Male,White,Not Hispanic or Latino,PA,1,14,0,130,77,0,1,1,1,1,1,1,12,12,13,251,90
218,72,65-74,Female,White,Not Hispanic or Latino,TX,4,13,0,95,59,0,1,1,1,1,1,1,70,68,77,206,76
278,74,65-74,Female,White,Not Hispanic or Latino,CA,1,9,0,91,64,0,1,1,1,1,1,0,4,4,4,160,75
338,69,65-74,Female,White,Not Hispanic or Latino,GA,0,0,0,0,0,0,0,0,0,0,0,0,0,0,0,0,0
398,73,65-74,Female,Black,Not Hispanic or Latino,KY,0,0,0,0,0,0,0,0,0,0,0,0,0,0,0,0,0
458,77,75-84,Female,White,Not Hispanic or Latino,MD,0,11,0,116,76,0,1,1,1,0,1,1,104,96,107,220,96
518,69,65-74,Female,White,Not Hispanic or Latino,LA,0,0,0,1,1,0,0,0,0,0,0,0,10,10,12,0,1
578,55,<65,Male,White,Not Hispanic or Latino,WV,2,11,0,125,69,0,1,1,1,1,1,1,62,58,65,241,78
638,75,75-84,Male,White,Not Hispanic or Latino,IL,1,2,0,41,36,0,0,1,1,0,1,1,3,3,4,79,30
698,71,65-74,Male,White,Not Hispanic or Latino,MN,0,25,0,53,22,0,1,1,1,1,1,1,156,145,162,95,36
758,60,<65,Female,White,Not Hispanic or Latino,IN,0,17,0,108,54,0,1,0,0,1,1,1,9,9,11,203,57
818,66,65-74,Male,White,Not Hispanic or Latino,NY,0,1,0,10,8,0,0,0,1,0,0,0,0,0,0,22,14
878,65,65-74,Male,White,Not Hispanic or Latino,TX,1,19,0,121,74,0,1,1,1,1,1,1,9,9,11,236,79
938,77,75-84,Female,White,Not Hispanic or Latino,OR,0,2,0,30,24,0,1,0,0,0,1,0,76,74,79,63,19
998,68,65-74,Male,White,Not Hispanic or Latino,WV,0,4,0,51,38,0,1,0,0,1,1,1,154,143,168,103,33
1058,78,75-84,Female,Others,Others,KS,0,18,0,27,12,0,1,0,0,0,0,0,77,72,79,50,15
1118,77,75-84,Female,White,Not Hispanic or Latino,NY,0,10,0,40,32,0,1,1,0,1,1,0,5,5,5,68,38
1178,83,75-84,Female,Hispanic,Hispanic or Latino,KS,0,17,0,82,51,0,1,1,1,1,1,0,96,89,98,158,52
1238,72,65-74,Female,White,Not Hispanic or Latino,AL,1,12,0,85,52,0,1,1,1,1,1,1,9,9,10,189,58
1298,70,65-74,Male,White,Not Hispanic or Latino,TN,0,2,0,20,18,0,1,0,0,1,1,0,3,3,3,50,24
1358,76,75-84,Male,White,Not Hispanic or Latino,CT,0,0,0,0,0,0,0,0,0,0,0,0,0,0,0,0,0
36,64,<65,Male,White,Not Hispanic or Latino,AR,0,0,0,3,3,0,0,0,0,0,1,0,44,43,44,7,3
96,69,65-74,Male,White,Not Hispanic or Latino,KS,0,7,0,45,27,0,1,0,1,1,0,1,28,28,29,75,47
156,78,75-84,Male,White,Not Hispanic or Latino,IL,0,2,0,40,29,0,1,0,1,1,1,0,2,2,2,85,36
216,48,<65,Male,Black,Not Hispanic or Latino,NY,0,10,0,32,27,0,1,0,1,1,1,0,4,4,4,54,29
276,66,65-74,Female,White,Not Hispanic or Latino,KY,1,9,0,41,28,0,1,1,1,1,1,1,12,12,12,104,36
336,81,75-84,Male,White,Not Hispanic or Latino,FL,0,8,0,122,87,0,1,0,1,0,1,1,8,8,12,238,82
396,87,85+,Male,White,Not Hispanic or Latino,NY,0,6,0,43,35,0,1,1,1,1,0,1,130,121,134,98,34
456,66,65-74,Male,White,Not Hispanic or Latino,IN,0,0,0,0,0,0,0,0,0,0,0,0,0,0,0,0,0
516,68,65-74,Male,Black,Not Hispanic or Latino,FL,0,0,0,0,0,0,0,0,0,0,0,0,0,0,0,0,0
576,28,<65,Male,White,Not Hispanic or Latino,IA,0,2,0,23,15,0,0,1,0,0,1,0,1,1,1,52,24
636,76,75-84,Female,Hispanic,Hispanic or Latino,NY,2,8,0,41,21,0,1,0,1,0,1,0,58,56,63,88,34
37,95,85+,Male,White,Not Hispanic or Latino,WI,0,0,0,0,0,0,0,0,0,0,0,0,0,0,0,0,0
97,85,85+,Female,White,Not Hispanic or Latino,TX,0,6,0,60,44,0,1,1,1,1,1,0,31,30,33,137,46
157,76,75-84,Male,White,Not Hispanic or Latino,MO,0,0,0,0,0,0,0,0,0,0,0,0,0,0,0,0,0
217,68,65-74,Male,White,Not Hispanic or Latino,IL,0,0,0,0,0,0,0,0,0,0,0,0,0,0,0,0,0
277,83,75-84,Male,Black,Not Hispanic or Latino,MI,0,14,0,89,45,0,1,1,1,1,1,1,128,123,136,195,73
337,71,65-74,Female,White,Not Hispanic or Latino,GA,0,0,0,0,0,0,0,0,0,0,0,0,0,0,0,0,0
397,65,65-74,Female,White,Not Hispanic or Latino,MN,0,0,0,0,0,0,0,0,0,0,0,0,0,0,0,0,0
457,88,85+,Female,White,Not Hispanic or Latino,MN,0,1,0,36,16,0,1,0,1,0,0,1,58,55,67,68,33
517,35,<65,Male,Others,Others,MN,1,11,0,119,43,0,1,1,1,1,1,1,105,96,106,257,69
577,59,<65,Female,Black,Not Hispanic or Latino,OH,3,24,0,166,100,0,1,1,1,1,1,1,94,92,101,314,86
637,79,75-84,Female,White,Not Hispanic or Latino,CT,1,10,0,63,50,0,1,1,1,1,1,1,69,67,76,128,50
697,87,85+,Female,White,Not Hispanic or Latino,WA,0,0,0,1,1,0,0,0,0,1,0,0,93,88,90,1,1
757,65,65-74,Female,White,Not Hispanic or Latino,TN,0,0,0,6,5,0,1,0,0,0,0,0,2,2,2,20,8
817,65,65-74,Female,White,Not Hispanic or Latino,AR,0,5,0,33,20,0,1,1,0,1,0,1,32,30,34,59,22
877,43,<65,Female,White,Not Hispanic or Latino,KS,0,22,0,45,30,0,1,0,1,1,1,0,10,10,10,67,36
937,76,75-84,Female,White,Not Hispanic or Latino,WV,1,19,0,133,42,0,1,1,1,1,1,1,16,16,16,262,86
997,73,65-74,Male,White,Not Hispanic or Latino,AZ,1,30,0,137,49,0,1,1,1,0,1,1,10,10,10,268,89
1057,80,75-84,Male,White,Not Hispanic or Latino,VA,0,0,0,0,0,0,0,0,0,0,0,0,0,0,0,0,0
1117,43,<65,Male,Black,Not Hispanic or Latino,FL,0,0,0,0,0,0,0,0,0,0,0,0,0,0,0,0,0
39,73,65-74,Female,White,Not Hispanic or Latino,MI,0,0,0,103,57,0,1,1,1,1,1,1,198,180,219,219,64
99,36,<65,Female,Black,Not Hispanic or Latino,AL,3,6,0,105,71,0,1,1,1,1,1,1,194,182,199,236,67
159,95,85+,Female,White,Not Hispanic or Latino,PA,2,4,0,98,68,0,1,1,1,1,1,1,5,5,5,193,69
219,59,<65,Male,White,Not Hispanic or Latino,KY,0,0,0,0,0,0,0,0,0,0,0,0,0,0,0,0,0
279,60,<65,Female,Black,Not Hispanic or Latino,GA,0,5,0,46,30,0,1,0,1,1,1,0,102,95,108,81,25
339,66,65-74,Female,White,Not Hispanic or Latino,IA,1,6,0,52,22,0,1,1,0,1,1,1,143,125,146,120,35
399,85,85+,Female,White,Not Hispanic or Latino,VA,1,22,0,90,57,0,1,1,1,1,1,1,181,163,177,168,62
459,64,<65,Female,White,Not Hispanic or Latino,LA,0,3,0,31,21,0,0,0,1,0,1,1,6,6,7,76,26
519,77,75-84,Male,White,Not Hispanic or Latino,IN,0,24,0,87,44,0,1,0,1,1,1,1,174,163,187,171,61
579,65,65-74,Female,Black,Not Hispanic or Latino,TX,1,0,0,54,40,0,1,0,1,1,1,1,17,17,20,123,43
639,69,65-74,Female,White,Not Hispanic or Latino,IA,0,0,0,0,0,0,0,0,0,0,0,0,87,81,93,0,0
699,79,75-84,Female,White,Not Hispanic or Latino,MO,0,0,0,4,4,0,0,0,0,0,1,0,138,129,170,10,4
759,53,<65,Male,White,Not Hispanic or Latino,NY,0,0,0,0,0,0,0,0,0,0,0,0,0,0,0,0,0
819,68,65-74,Male,White,Not Hispanic or Latino,KY,1,5,0,30,22,0,0,0,0,0,0,0,5,5,7,59,28
879,89,85+,Female,Black,Not Hispanic or Latino,NC,0,1,0,10,9,0,0,1,1,0,0,1,153,141,159,24,8
939,73,65-74,Female,White,Not Hispanic or Latino,NY,1,13,0,85,63,0,1,1,1,1,1,1,136,124,147,178,64
999,68,65-74,Male,White,Not Hispanic or Latino,MI,0,1,0,7,7,0,0,0,0,0,1,0,137,127,147,15,8
41,76,75-84,Female,White,Not Hispanic or Latino,KS,0,2,0,100,36,0,1,0,1,0,1,1,87,84,101,190,79
101,84,75-84,Male,White,Not Hispanic or Latino,MI,0,0,0,1,1,0,0,0,0,0,0,0,49,47,52,2,1
161,65,65-74,Male,White,Not Hispanic or Latino,AR,0,0,0,0,0,0,0,0,0,0,0,0,0,0,0,0,0
221,80,75-84,Female,Black,Not Hispanic or Latino,VA,0,1,0,32,18,0,1,0,1,1,0,0,85,73,83,71,20
281,79,75-84,Female,White,Not Hispanic or Latino,CA,0,0,0,1,1,0,0,0,0,0,0,0,34,30,37,3,2
341,72,65-74,Male,Black,Not Hispanic or Latino,GA,0,10,0,50,29,0,1,0,0,0,1,1,76,72,84,107,42
401,84,75-84,Female,White,Not Hispanic or Latino,MA,1,12,0,50,32,0,1,1,1,0,1,1,125,116,135,114,40
461,43,<65,Male,White,Not Hispanic or Latino,TX,0,8,0,73,52,0,1,1,1,1,0,1,80,79,93,153,63
521,78,75-84,Male,White,Not Hispanic or Latino,IL,0,1,0,54,33,0,1,1,1,0,1,1,29,28,30,125,50
581,74,65-74,Female,White,Not Hispanic or Latino,NY,0,0,0,7,7,0,1,0,0,0,0,0,0,0,0,12,4
641,81,75-84,Male,White,Not Hispanic or Latino,AL,4,2,0,71,50,0,1,1,1,1,1,1,5,5,5,167,50
701,48,<65,Male,White,Not Hispanic or Latino,WV,0,14,0,35,24,0,1,0,1,1,1,0,105,96,115,62,27
761,43,<65,Male,Black,Not Hispanic or Latino,NC,3,7,0,78,55,0,1,1,1,1,1,1,13,13,13,155,51
821,77,75-84,Female,Black,Not Hispanic or Latino,IN,3,34,0,206,80,0,1,1,1,1,1,1,173,128,171,315,89
881,75,75-84,Female,White,Not Hispanic or Latino,IL,1,2,0,52,36,0,1,0,1,1,1,0,2,2,2,112,44
941,52,<65,Male,White,Not Hispanic or Latino,FL,1,22,0,57,37,0,1,1,1,1,1,1,53,51,61,112,33
1001,80,75-84,Female,White,Not Hispanic or Latino,PA,0,0,0,0,0,0,0,0,0,0,0,0,35,33,37,0,0
1061,72,65-74,Male,White,Not Hispanic or Latino,CO,0,0,0,0,0,0,0,0,0,0,0,0,0,0,0,0,0
1121,75,75-84,Male,White,Not Hispanic or Latino,RI,5,9,0,106,57,0,1,1,1,1,1,1,8,8,8,243,62
1181,69,65-74,Female,White,Not Hispanic or Latino,ME,0,0,0,33,28,0,1,1,0,0,1,1,7,7,8,81,29
1241,57,<65,Male,White,Not Hispanic or Latino,FL,0,0,0,3,3,0,0,0,0,0,0,0,29,28,32,9,3
1301,81,75-84,Female,Others,Others,NY,1,1,0,40,34,0,1,0,1,0,0,1,144,135,160,92,30
1361,49,<65,Male,White,Not Hispanic or Latino,NE,0,0,0,0,0,0,0,0,0,0,0,0,0,0,0,0,0
1421,66,65-74,Male,Others,Others,NV,0,0,0,0,0,0,0,0,0,0,0,0,0,0,0,0,0
40,48,<65,Female,White,Not Hispanic or Latino,PA,0,1,0,49,41,0,1,0,1,1,0,0,103,88,101,96,38
100,69,65-74,Female,White,Not Hispanic or Latino,CA,0,2,0,15,14,0,1,0,0,1,1,0,38,37,45,39,20
160,77,75-84,Female,Black,Not Hispanic or Latino,OH,0,0,0,0,0,0,0,0,0,0,0,0,0,0,0,0,0
220,78,75-84,Female,White,Not Hispanic or Latino,SD,0,10,0,68,25,0,1,1,1,0,1,1,11,11,11,134,60
280,70,65-74,Male,White,Not Hispanic or Latino,TX,0,11,0,130,90,0,1,1,1,1,1,1,59,58,65,253,82
340,47,<65,Male,White,Not Hispanic or Latino,Missing,0,1,0,45,43,0,1,1,1,0,0,1,4,4,4,78,20
400,65,65-74,Female,White,Not Hispanic or Latino,FL,0,2,0,18,16,0,1,1,1,1,0,0,7,7,6,44,19
460,72,65-74,Male,White,Not Hispanic or Latino,CO,0,5,0,49,29,0,1,0,0,1,1,1,91,88,95,107,30
520,82,75-84,Male,White,Not Hispanic or Latino,WI,0,3,0,79,14,0,1,1,1,0,1,1,7,7,7,119,47
580,70,65-74,Male,White,Not Hispanic or Latino,PA,0,0,0,0,0,0,0,0,0,0,0,0,134,127,132,0,0
640,84,75-84,Male,White,Not Hispanic or Latino,MA,0,0,0,0,0,0,0,0,0,0,0,0,15,15,17,0,0
700,72,65-74,Male,White,Not Hispanic or Latino,VA,0,7,0,27,18,0,1,0,1,0,1,0,3,3,4,51,23
760,86,85+,Female,White,Not Hispanic or Latino,ID,0,0,0,3,3,0,1,0,0,0,0,0,176,167,186,9,4
820,49,<65,Female,White,Not Hispanic or Latino,AL,0,18,0,67,42,0,1,1,1,1,1,1,2,2,2,137,57
880,67,65-74,Male,White,Not Hispanic or Latino,WA,0,4,0,20,18,0,1,0,0,0,1,0,37,37,40,32,12
940,82,75-84,Male,White,Not Hispanic or Latino,MN,0,0,0,3,3,0,0,0,0,0,0,0,12,11,14,6,2
42,82,75-84,Male,White,Not Hispanic or Latino,IL,0,4,0,49,32,0,1,1,1,1,0,0,43,41,50,98,32
102,81,75-84,Female,White,Not Hispanic or Latino,MI,1,10,0,134,112,0,1,1,1,1,1,1,19,16,17,223,78
162,65,65-74,Female,White,Not Hispanic or Latino,NE,0,4,0,55,30,0,1,0,1,1,1,0,92,82,100,125,41
222,25,<65,Female,Black,Not Hispanic or Latino,AL,2,2,0,18,13,0,1,1,1,1,0,1,11,11,12,64,16
282,77,75-84,Male,White,Not Hispanic or Latino,NC,0,0,0,30,25,0,1,1,1,1,0,0,104,95,113,73,24
342,72,65-74,Female,White,Not Hispanic or Latino,FL,2,6,0,97,69,0,1,1,1,1,1,1,120,108,116,168,51
402,55,<65,Female,Others,Others,NY,7,23,0,143,118,0,1,1,1,1,1,1,134,128,144,281,92
462,68,65-74,Female,Black,Not Hispanic or Latino,NJ,0,1,0,13,12,0,0,0,1,0,0,0,5,5,5,35,9
522,68,65-74,Male,White,Not Hispanic or Latino,ID,0,2,0,16,14,0,0,1,1,0,1,1,3,3,3,31,14
582,75,75-84,Male,White,Not Hispanic or Latino,TX,0,1,0,18,12,0,1,0,1,0,0,0,61,60,69,40,10
642,71,65-74,Male,White,Not Hispanic or Latino,ND,2,28,0,150,20,0,1,1,1,1,1,1,154,143,169,297,94
702,66,65-74,Female,White,Not Hispanic or Latino,MT,0,4,0,37,27,0,0,0,0,0,1,0,1,1,1,71,34
762,94,85+,Male,White,Not Hispanic or Latino,NY,1,5,0,50,42,0,1,0,1,0,1,1,9,8,9,118,41
822,47,<65,Male,White,Not Hispanic or Latino,WI,0,2,0,18,10,0,1,0,0,1,0,1,34,30,33,38,9
43,72,65-74,Female,White,Not Hispanic or Latino,WI,1,19,0,48,17,0,1,0,1,0,0,0,52,52,56,95,42
103,89,85+,Female,White,Not Hispanic or Latino,NJ,7,14,0,126,98,0,1,1,1,1,1,1,10,9,10,279,80
163,65,65-74,Male,White,Not Hispanic or Latino,UT,0,0,0,0,0,0,0,0,0,0,0,0,0,0,0,0,0
223,27,<65,Male,White,Not Hispanic or Latino,NY,0,16,0,41,31,0,1,1,1,1,1,1,108,102,123,82,24
283,66,65-74,Female,White,Not Hispanic or Latino,MA,0,9,0,96,76,0,1,1,1,1,1,1,19,18,20,194,61
343,85,85+,Male,Hispanic,Hispanic or Latino,NY,0,2,0,26,23,0,1,1,0,1,1,0,8,8,8,61,27
403,61,<65,Male,White,Not Hispanic or Latino,WV,0,7,0,58,37,0,1,0,1,1,1,1,5,5,5,132,55
463,73,65-74,Female,White,Not Hispanic or Latino,MI,1,14,0,104,70,0,1,1,1,0,1,0,11,11,14,205,54
523,72,65-74,Male,White,Not Hispanic or Latino,IL,0,1,0,1,1,0,0,0,0,0,0,0,66,62,67,1,3
583,74,65-74,Male,White,Not Hispanic or Latino,CA,0,2,0,19,19,0,1,0,0,1,1,0,6,6,7,32,21
643,63,<65,Male,White,Not Hispanic or Latino,OH,2,34,0,125,67,0,1,1,1,1,1,1,141,133,148,266,86
703,67,65-74,Female,White,Not Hispanic or Latino,WI,0,3,0,39,14,0,1,0,1,0,0,0,5,5,5,78,42
763,74,65-74,Female,White,Not Hispanic or Latino,IL,0,1,0,6,5,0,0,1,1,0,0,0,3,3,3,16,5
823,66,65-74,Male,White,Not Hispanic or Latino,ND,0,0,0,0,0,0,0,0,0,0,0,0,0,0,0,0,0
44,58,<65,Male,White,Not Hispanic or Latino,NJ,1,3,0,23,21,0,1,1,1,1,0,1,4,4,4,54,17
104,68,65-74,Female,White,Not Hispanic or Latino,IL,0,5,0,85,75,0,1,1,1,1,1,1,67,61,76,182,58
164,81,75-84,Female,White,Not Hispanic or Latino,NY,0,5,0,44,35,0,1,0,0,0,1,0,7,7,7,73,28
224,82,75-84,Female,White,Not Hispanic or Latino,AZ,1,4,0,87,53,0,1,1,1,1,1,1,27,27,31,176,49
284,73,65-74,Male,White,Not Hispanic or Latino,FL,0,0,0,56,49,0,1,1,0,1,1,0,4,4,4,112,44
344,67,65-74,Male,White,Not Hispanic or Latino,WY,0,0,0,0,0,0,0,0,0,0,0,0,0,0,0,0,0
404,69,65-74,Female,White,Not Hispanic or Latino,NH,0,0,0,0,0,0,0,0,0,0,0,0,0,0,0,0,0
464,66,65-74,Male,White,Not Hispanic or Latino,NJ,0,0,0,0,0,0,0,0,0,0,0,0,0,0,0,0,0
524,68,65-74,Female,White,Not Hispanic or Latino,TN,0,0,0,0,0,0,0,0,0,0,0,0,0,0,0,0,0
584,75,75-84,Male,White,Not Hispanic or Latino,WA,0,3,0,37,26,0,1,1,1,0,0,0,31,30,34,69,27
644,78,75-84,Male,White,Not Hispanic or Latino,NY,0,0,0,0,0,0,0,0,0,0,0,0,8,8,10,0,0
704,72,65-74,Male,White,Not Hispanic or Latino,MS,0,0,0,32,18,0,1,0,0,0,1,1,5,5,5,60,31
764,85,85+,Male,White,Not Hispanic or Latino,AR,0,0,0,0,0,0,0,0,0,0,0,0,0,0,0,0,0
824,89,85+,Female,White,Not Hispanic or Latino,CA,0,5,0,30,26,0,1,0,0,1,1,0,95,86,98,73,23
884,72,65-74,Female,White,Not Hispanic or Latino,TX,0,19,0,64,40,0,1,0,1,1,1,1,111,102,114,117,33
45,66,65-74,Female,White,Not Hispanic or Latino,NY,0,0,0,3,3,0,1,0,0,0,0,0,72,71,85,6,4
105,72,65-74,Female,White,Not Hispanic or Latino,CA,0,8,0,75,70,0,1,1,1,0,1,0,1,1,1,148,54
165,39,<65,Male,White,Not Hispanic or Latino,NH,0,6,0,19,15,0,1,1,0,0,1,0,9,9,8,40,15
225,64,<65,Female,Black,Not Hispanic or Latino,IL,0,7,0,31,29,0,1,0,1,0,0,0,86,85,92,69,29
285,78,75-84,Female,White,Not Hispanic or Latino,MS,1,12,0,77,41,0,1,1,1,1,1,1,11,10,10,149,48
345,67,65-74,Female,White,Not Hispanic or Latino,NC,0,3,0,31,27,0,1,0,0,0,0,0,32,32,39,64,22
405,73,65-74,Male,White,Not Hispanic or Latino,MD,1,2,0,90,70,0,1,1,1,0,1,1,6,6,6,197,62
465,65,65-74,Female,White,Not Hispanic or Latino,UT,1,21,0,43,25,0,1,1,0,0,1,1,100,96,107,80,34
525,68,65-74,Male,White,Not Hispanic or Latino,NM,1,19,0,89,29,0,1,1,1,1,1,1,83,80,81,156,47
585,69,65-74,Male,White,Not Hispanic or Latino,WI,0,0,0,0,0,0,0,0,0,0,0,0,0,0,0,0,0
645,82,75-84,Male,Black,Not Hispanic or Latino,IN,0,1,0,2,2,0,0,0,0,0,0,0,0,0,0,10,5
705,65,65-74,Female,White,Not Hispanic or Latino,TN,0,0,0,1,1,0,0,0,0,0,0,0,78,68,80,1,1
765,69,65-74,Male,White,Not Hispanic or Latino,LA,1,8,0,54,38,0,1,0,1,0,1,1,104,91,113,106,39
48,82,75-84,Female,Black,Not Hispanic or Latino,FL,0,0,0,0,0,0,0,0,0,0,0,0,0,0,0,0,0
108,77,75-84,Female,White,Not Hispanic or Latino,MD,0,0,0,0,0,0,0,0,0,0,0,0,0,0,0,0,0
168,79,75-84,Male,White,Not Hispanic or Latino,IL,1,2,0,81,42,0,0,1,1,1,1,1,111,100,120,142,45
228,82,75-84,Male,White,Not Hispanic or Latino,WI,0,0,0,0,0,0,0,0,0,0,0,0,0,0,0,0,0
288,70,65-74,Female,White,Not Hispanic or Latino,FL,2,20,0,68,44,0,1,1,1,1,1,1,110,98,111,129,40
348,77,75-84,Male,Black,Not Hispanic or Latino,FL,0,1,0,5,5,0,0,0,0,0,1,0,85,80,85,13,6
408,79,75-84,Male,Black,Not Hispanic or Latino,PA,0,0,0,7,7,0,1,0,0,0,0,1,3,3,3,21,7
468,48,<65,Female,White,Not Hispanic or Latino,MI,0,2,0,65,49,0,1,0,1,0,1,1,22,22,24,143,57
528,86,85+,Female,White,Not Hispanic or Latino,MA,0,4,0,106,77,0,1,1,1,1,1,1,95,87,94,156,56
588,81,75-84,Male,White,Not Hispanic or Latino,CA,0,10,0,57,49,0,1,0,0,1,1,1,2,2,2,112,36
648,66,65-74,Male,White,Not Hispanic or Latino,GA,0,3,0,40,26,0,1,0,0,0,1,1,12,12,12,82,33
708,45,<65,Female,White,Not Hispanic or Latino,MI,0,10,0,34,23,0,1,1,1,0,1,1,90,86,94,76,28
768,88,85+,Male,White,Not Hispanic or Latino,MI,0,19,0,82,29,0,1,0,1,0,1,1,15,15,18,155,56
828,65,65-74,Male,White,Not Hispanic or Latino,TX,0,11,0,56,41,0,1,0,1,0,1,1,86,82,89,103,38
888,80,75-84,Male,White,Not Hispanic or Latino,NC,2,7,0,74,32,0,1,1,1,1,0,1,88,85,99,155,44
948,74,65-74,Male,White,Not Hispanic or Latino,FL,0,0,0,4,4,0,0,0,0,0,1,0,20,20,20,12,5
1008,65,65-74,Female,White,Not Hispanic or Latino,NY,0,0,0,2,2,0,1,0,0,0,0,0,76,73,81,9,2
1068,85,85+,Male,White,Not Hispanic or Latino,TN,0,7,0,57,38,0,1,1,1,1,1,1,178,160,180,125,42
1128,59,<65,Female,White,Not Hispanic or Latino,NJ,0,2,0,55,52,0,1,1,1,1,0,1,112,104,110,124,41
46,86,85+,Male,Black,Not Hispanic or Latino,MI,0,13,0,20,10,0,0,0,0,0,1,1,63,60,65,42,15
106,88,85+,Male,White,Not Hispanic or Latino,CT,0,20,0,107,69,0,1,1,1,1,1,0,12,11,14,197,79
166,68,65-74,Male,White,Not Hispanic or Latino,AR,0,0,0,0,0,0,0,0,0,0,0,0,0,0,0,0,0
226,87,85+,Female,White,Not Hispanic or Latino,SC,1,3,0,28,21,0,0,0,0,1,0,1,5,5,4,56,24
286,27,<65,Male,White,Not Hispanic or Latino,MD,0,20,0,133,88,0,1,0,1,1,1,1,113,103,122,255,82
346,84,75-84,Female,White,Not Hispanic or Latino,KY,0,4,0,9,7,0,0,0,0,0,0,1,1,1,1,21,11
406,70,65-74,Female,White,Not Hispanic or Latino,OK,0,10,0,68,46,0,1,1,1,1,1,1,53,52,63,154,48
466,68,65-74,Female,White,Not Hispanic or Latino,CA,3,8,0,104,58,0,1,1,1,1,1,1,155,143,165,238,77
526,74,65-74,Female,White,Not Hispanic or Latino,NC,0,2,0,8,7,0,0,0,0,0,1,0,3,3,3,23,10
586,69,65-74,Male,White,Not Hispanic or Latino,OH,0,4,0,65,46,0,1,1,1,1,1,1,10,10,10,146,56
646,85,85+,Male,White,Not Hispanic or Latino,NJ,0,0,0,0,0,0,0,0,0,0,0,0,28,28,28,0,0
49,76,75-84,Male,White,Not Hispanic or Latino,TX,2,13,0,83,52,0,1,1,1,0,1,1,121,113,131,169,59
109,73,65-74,Female,White,Not Hispanic or Latino,CA,1,2,0,47,47,0,1,1,1,1,1,0,3,3,5,102,33
169,69,65-74,Male,White,Not Hispanic or Latino,IN,0,14,0,71,37,0,1,1,1,1,1,0,8,8,9,141,50
229,55,<65,Male,White,Not Hispanic or Latino,MI,1,14,0,67,46,0,1,1,1,0,1,1,10,10,15,152,45
289,92,85+,Female,White,Not Hispanic or Latino,ND,0,15,0,112,33,0,1,1,1,1,1,1,76,72,83,202,60
349,79,75-84,Female,White,Not Hispanic or Latino,NY,1,19,0,120,56,0,1,1,1,1,1,1,17,15,18,258,83
409,84,75-84,Female,White,Not Hispanic or Latino,PA,0,8,0,41,26,0,1,1,1,1,1,0,29,29,30,95,37
469,67,65-74,Male,White,Not Hispanic or Latino,OK,0,0,0,0,0,0,0,0,0,0,0,0,0,0,0,0,0
529,66,65-74,Male,White,Not Hispanic or Latino,NY,0,0,0,6,6,0,0,0,0,0,0,0,184,172,225,16,5
47,73,65-74,Male,White,Not Hispanic or Latino,FL,1,3,0,61,34,0,1,0,0,1,1,0,6,6,6,130,40
107,58,<65,Male,White,Not Hispanic or Latino,SD,0,0,0,0,0,0,0,0,0,0,0,0,0,0,0,0,0
167,65,65-74,Male,White,Not Hispanic or Latino,CA,1,22,0,131,93,0,1,1,1,1,1,0,214,202,221,229,92
227,81,75-84,Male,Hispanic,Hispanic or Latino,MI,1,22,0,71,54,0,1,1,1,1,1,1,14,14,16,165,48
287,76,75-84,Male,White,Not Hispanic or Latino,PA,0,9,0,83,49,0,1,0,1,1,1,1,6,6,6,181,66
347,76,75-84,Male,White,Not Hispanic or Latino,NM,0,21,0,136,60,0,1,1,1,0,1,1,109,105,120,275,103
407,57,<65,Female,White,Not Hispanic or Latino,MI,1,1,0,82,64,0,1,1,1,1,1,1,34,34,35,177,54
467,86,85+,Female,White,Not Hispanic or Latino,CA,0,0,0,2,2,0,0,0,0,0,0,0,26,25,27,4,2
527,73,65-74,Female,White,Not Hispanic or Latino,KY,0,2,0,63,38,0,1,1,1,0,1,1,7,6,7,122,56
587,79,75-84,Female,White,Not Hispanic or Latino,WA,0,1,0,6,5,0,0,0,0,0,0,0,15,15,17,18,7
647,79,75-84,Female,White,Not Hispanic or Latino,MN,0,15,0,63,25,0,1,1,1,1,1,1,51,51,53,135,44
707,73,65-74,Female,White,Not Hispanic or Latino,MS,0,0,0,0,0,0,0,0,0,0,0,0,0,0,0,0,0
767,65,65-74,Female,White,Not Hispanic or Latino,FL,3,18,0,79,50,0,1,1,1,0,1,1,154,146,169,160,49
827,66,65-74,Male,Others,Others,CA,1,9,0,115,105,0,1,1,1,1,1,0,67,64,64,213,81
887,88,85+,Female,Black,Not Hispanic or Latino,GA,1,12,0,70,39,0,1,1,1,1,1,1,106,97,111,146,44
947,75,75-84,Male,White,Not Hispanic or Latino,FL,0,0,0,105,71,0,1,1,0,1,1,1,12,12,12,211,72
1007,73,65-74,Female,White,Not Hispanic or Latino,TX,0,0,0,2,2,0,0,0,0,0,0,0,54,52,61,8,2
1067,84,75-84,Female,White,Not Hispanic or Latino,NY,4,6,0,48,41,0,1,1,1,1,1,1,70,64,76,119,30
1127,75,75-84,Female,Others,Others,NM,0,4,0,83,48,0,1,0,1,1,1,1,51,48,54,170,55
1187,89,85+,Female,White,Not Hispanic or Latino,PA,0,16,0,81,56,0,1,1,1,1,1,1,152,139,158,172,57
1247,57,<65,Male,White,Not Hispanic or Latino,PA,0,3,0,41,23,0,1,1,1,0,1,0,10,10,11,77,29
1307,73,65-74,Male,White,Not Hispanic or Latino,NH,0,0,0,0,0,0,0,0,0,0,0,0,0,0,0,0,0
52,59,<65,Male,White,Not Hispanic or Latino,MS,2,7,0,58,41,0,1,1,1,1,1,1,114,104,116,112,51
112,62,<65,Female,White,Not Hispanic or Latino,FL,0,0,0,0,0,0,0,0,0,0,0,0,67,61,63,0,0
172,73,65-74,Female,White,Not Hispanic or Latino,CA,1,12,0,39,29,0,1,1,1,1,0,1,85,80,89,83,20
232,65,65-74,Male,Others,Others,MD,0,3,0,17,16,0,1,0,1,0,1,0,12,12,12,37,30
292,47,<65,Female,Black,Not Hispanic or Latino,IN,0,3,0,32,27,0,1,1,1,1,1,0,70,69,73,71,22
352,80,75-84,Male,Black,Not Hispanic or Latino,LA,0,0,0,3,3,0,0,0,1,0,0,0,55,53,73,6,4
412,94,85+,Female,Hispanic,Hispanic or Latino,Missing,4,11,0,143,134,0,1,1,1,1,1,1,20,20,20,241,80
472,69,65-74,Female,White,Not Hispanic or Latino,CA,1,2,0,71,54,0,1,1,1,1,0,1,137,127,140,150,40
532,83,75-84,Female,White,Not Hispanic or Latino,TX,0,0,0,6,5,0,1,0,0,1,0,0,110,104,117,18,6
592,87,85+,Female,White,Not Hispanic or Latino,KS,2,3,0,83,61,0,1,1,1,1,1,1,7,7,8,183,56
652,69,65-74,Female,White,Not Hispanic or Latino,SC,1,16,0,70,37,0,1,1,1,1,1,0,6,6,7,125,49
712,27,<65,Male,White,Not Hispanic or Latino,MI,1,1,0,30,27,0,1,0,1,1,1,0,1,1,1,69,24
53,66,65-74,Female,White,Not Hispanic or Latino,AR,2,13,0,93,45,0,1,1,1,0,1,0,100,94,106,180,70
113,49,<65,Male,White,Not Hispanic or Latino,AL,0,0,0,0,0,0,0,0,0,0,0,0,59,55,66,0,0
173,79,75-84,Female,White,Not Hispanic or Latino,OH,0,1,0,3,3,0,1,0,0,0,0,0,15,13,16,9,2
233,50,<65,Male,White,Not Hispanic or Latino,WV,1,8,0,36,18,0,1,0,0,0,0,1,40,38,43,68,24
293,68,65-74,Female,Black,Not Hispanic or Latino,CA,0,0,0,3,3,0,0,0,0,0,0,0,76,73,82,8,3
353,73,65-74,Female,White,Not Hispanic or Latino,OH,0,2,0,6,5,0,0,0,0,0,0,0,1,1,1,15,5
413,74,65-74,Male,White,Not Hispanic or Latino,NY,2,15,0,98,84,0,1,1,1,1,1,0,7,7,8,182,57
473,71,65-74,Male,Black,Not Hispanic or Latino,MO,0,6,0,64,50,0,1,1,0,1,1,0,7,7,8,108,54
533,66,65-74,Female,White,Not Hispanic or Latino,NY,0,0,0,22,21,0,1,0,0,1,0,0,63,62,68,40,15
593,66,65-74,Male,White,Not Hispanic or Latino,IA,0,2,0,12,11,0,1,0,0,0,1,0,44,44,45,33,11
653,76,75-84,Male,White,Not Hispanic or Latino,OR,0,0,0,0,0,0,0,0,0,0,0,0,0,0,0,0,0
713,76,75-84,Female,White,Not Hispanic or Latino,IN,0,2,0,11,9,0,1,1,1,0,0,0,4,4,5,33,11
773,83,75-84,Female,White,Not Hispanic or Latino,TN,0,1,0,63,43,0,1,1,1,1,0,0,7,7,10,135,58
833,83,75-84,Female,White,Not Hispanic or Latino,TX,0,5,0,62,43,0,1,1,1,1,1,1,64,61,68,134,47
893,70,65-74,Male,White,Not Hispanic or Latino,CA,0,0,0,0,0,0,0,0,0,0,0,0,0,0,0,0,0
50,76,75-84,Male,Others,Others,HI,0,9,0,38,26,0,1,0,1,1,0,1,8,8,8,76,30
110,69,65-74,Female,White,Not Hispanic or Latino,TN,0,16,0,122,59,0,1,1,1,1,1,1,12,10,10,229,82
170,89,85+,Male,White,Not Hispanic or Latino,PA,0,0,0,0,0,0,0,0,0,0,0,0,0,0,0,0,0
230,69,65-74,Male,White,Not Hispanic or Latino,FL,0,1,0,35,30,0,1,0,1,1,0,0,2,2,2,98,26
290,74,65-74,Male,White,Not Hispanic or Latino,NY,0,0,0,3,3,0,0,0,0,0,0,0,8,8,10,8,3
350,81,75-84,Female,White,Not Hispanic or Latino,WI,0,0,0,4,3,0,0,0,0,0,0,0,130,119,135,10,4
410,85,85+,Female,White,Not Hispanic or Latino,TX,0,5,0,73,58,0,1,1,1,1,1,1,13,11,12,159,55
470,69,65-74,Male,White,Not Hispanic or Latino,PA,0,0,0,0,0,0,0,0,0,0,0,0,57,53,59,0,0
530,48,<65,Male,Black,Not Hispanic or Latino,CA,1,18,0,79,58,0,1,1,1,1,1,1,224,205,216,165,51
590,67,65-74,Male,Black,Not Hispanic or Latino,LA,0,2,0,25,18,0,1,0,1,0,0,1,105,100,124,47,25
650,61,<65,Female,White,Not Hispanic or Latino,IN,0,19,0,89,35,0,1,1,1,1,1,0,48,47,51,166,58
710,77,75-84,Female,White,Not Hispanic or Latino,PA,0,0,0,1,1,0,0,0,1,0,0,0,63,59,64,2,1
51,67,65-74,Male,White,Not Hispanic or Latino,TX,0,4,0,9,7,0,1,0,0,1,0,0,84,80,93,26,9
111,82,75-84,Male,White,Not Hispanic or Latino,CA,1,2,0,56,44,0,1,1,1,1,1,0,6,6,6,111,44
171,86,85+,Male,Others,Others,CA,5,15,0,112,86,0,1,1,1,1,1,1,84,81,87,236,83
231,94,85+,Female,White,Not Hispanic or Latino,NY,0,0,0,1,1,0,0,0,0,0,0,0,45,43,43,4,0
291,73,65-74,Female,White,Not Hispanic or Latino,TN,0,0,0,11,11,0,0,0,0,0,0,0,22,22,22,21,8
351,68,65-74,Male,White,Not Hispanic or Latino,PA,0,2,0,45,30,0,1,0,0,0,1,1,6,6,6,90,42
411,76,75-84,Male,White,Not Hispanic or Latino,CA,0,8,0,64,48,0,1,1,1,1,1,1,6,5,7,117,40
471,72,65-74,Male,White,Not Hispanic or Latino,MO,1,11,0,80,38,0,1,1,1,1,1,0,10,9,10,170,54
531,73,65-74,Male,White,Not Hispanic or Latino,MD,0,12,0,75,43,0,1,1,1,0,0,0,4,4,4,130,55
591,68,65-74,Male,White,Not Hispanic or Latino,CA,0,1,0,14,10,0,1,0,0,0,1,0,62,61,65,25,11
651,87,85+,Female,White,Not Hispanic or Latino,CA,2,5,0,30,26,0,1,1,1,0,1,1,163,147,166,69,23
711,66,65-74,Male,White,Not Hispanic or Latino,OR,0,0,0,0,0,0,0,0,0,0,0,0,0,0,0,0,0
771,73,65-74,Female,White,Not Hispanic or Latino,FL,0,1,0,40,34,0,1,1,1,0,0,1,3,3,4,86,33
831,61,<65,Male,White,Not Hispanic or Latino,OK,0,6,0,42,30,0,1,1,1,0,1,1,4,4,4,87,31
891,66,65-74,Male,White,Not Hispanic or Latino,AR,3,2,0,77,33,0,1,1,1,1,1,1,10,10,10,177,63
951,65,65-74,Male,White,Not Hispanic or Latino,TN,0,0,0,0,0,0,0,0,0,0,0,0,0,0,0,0,0
1011,69,65-74,Female,White,Not Hispanic or Latino,OH,0,7,0,22,16,0,1,0,1,0,1,0,14,14,15,54,21
1071,85,85+,Female,White,Not Hispanic or Latino,MI,1,3,0,109,85,0,1,1,1,1,1,1,9,7,9,242,84
1131,77,75-84,Male,White,Not Hispanic or Latino,PA,0,0,0,1,1,0,0,0,0,0,0,0,48,47,53,1,3
54,81,75-84,Female,White,Not Hispanic or Latino,CA,0,21,0,157,123,0,1,1,1,1,1,1,60,57,83,265,76
114,63,<65,Male,White,Not Hispanic or Latino,CA,1,3,0,12,10,0,1,1,0,1,0,1,28,26,31,39,12
174,77,75-84,Female,White,Not Hispanic or Latino,PA,0,7,0,121,87,0,1,1,1,1,0,1,137,124,147,232,85
234,82,75-84,Female,White,Not Hispanic or Latino,CA,0,0,0,0,0,0,0,0,0,0,0,0,33,30,36,0,0
294,73,65-74,Male,White,Not Hispanic or Latino,WI,0,13,0,42,27,0,1,0,0,1,1,0,8,8,8,62,32
354,88,85+,Female,Black,Not Hispanic or Latino,PA,0,8,0,47,35,0,1,0,0,1,1,1,7,7,9,102,47
414,79,75-84,Male,White,Not Hispanic or Latino,VT,0,5,0,102,53,0,1,1,1,1,1,0,8,8,8,148,72
474,75,75-84,Male,White,Not Hispanic or Latino,IL,1,3,0,49,35,0,1,1,1,0,1,1,64,62,68,88,34
534,79,75-84,Female,White,Not Hispanic or Latino,IL,0,4,0,46,37,0,1,0,1,1,1,1,74,72,81,96,33
594,70,65-74,Female,White,Not Hispanic or Latino,SD,0,0,0,3,2,0,0,0,0,1,1,0,141,127,135,10,3
654,80,75-84,Female,White,Not Hispanic or Latino,ME,0,0,0,0,0,0,0,0,0,0,0,0,0,0,0,0,0
714,67,65-74,Female,White,Not Hispanic or Latino,WA,0,2,0,77,36,0,1,1,1,1,1,0,5,5,5,163,67
774,83,75-84,Female,White,Not Hispanic or Latino,TN,0,14,0,53,39,0,1,0,1,1,1,0,5,5,5,93,35
834,42,<65,Male,Others,Others,CA,2,13,0,47,37,0,1,1,1,0,1,0,126,116,127,119,33
894,66,65-74,Male,White,Not Hispanic or Latino,CA,0,13,0,91,43,0,1,1,1,1,1,1,151,142,164,176,64
954,79,75-84,Male,White,Not Hispanic or Latino,CA,0,11,0,36,31,0,1,1,0,0,0,1,95,91,105,77,31
1014,73,65-74,Female,White,Not Hispanic or Latino,IN,3,24,0,115,69,0,1,1,1,1,1,1,102,97,110,225,94
1074,70,65-74,Male,White,Not Hispanic or Latino,FL,5,20,0,130,113,0,1,1,1,1,1,1,8,8,8,266,93
1134,63,<65,Male,White,Not Hispanic or Latino,AL,0,5,0,22,20,0,0,0,0,0,1,0,6,6,7,41,22
1194,69,65-74,Female,Black,Not Hispanic or Latino,NY,0,0,0,2,2,0,1,0,0,0,0,0,70,66,75,7,2
1254,75,75-84,Male,White,Not Hispanic or Latino,MA,1,27,0,130,69,0,1,1,1,1,1,1,13,12,13,271,82
1314,82,75-84,Female,Black,Not Hispanic or Latino,GA,0,0,0,3,3,0,1,0,0,0,0,0,29,27,32,7,3
1374,79,75-84,Male,Hispanic,Hispanic or Latino,CA,2,2,0,56,48,0,1,1,1,1,0,1,82,79,90,122,45
1434,52,<65,Male,White,Not Hispanic or Latino,MI,0,0,0,0,0,0,0,0,0,0,0,0,0,0,0,0,0
1494,72,65-74,Male,White,Not Hispanic or Latino,NJ,2,22,0,104,58,0,1,1,1,1,1,1,6,6,6,185,63
55,66,65-74,Female,Hispanic,Hispanic or Latino,CA,0,4,0,37,35,0,1,0,1,0,1,0,15,15,16,84,24
115,68,65-74,Male,White,Not Hispanic or Latino,NJ,1,28,0,177,124,0,1,1,1,1,1,1,29,22,29,336,128
175,83,75-84,Female,White,Not Hispanic or Latino,KY,1,12,0,84,45,0,1,1,1,1,1,1,69,67,70,173,53
235,79,75-84,Male,White,Not Hispanic or Latino,CA,0,6,0,34,24,0,1,1,1,1,1,1,74,70,77,66,28
295,73,65-74,Male,Black,Not Hispanic or Latino,MS,3,15,0,138,58,0,1,1,1,0,1,1,21,17,20,242,98
355,84,75-84,Female,White,Not Hispanic or Latino,MD,2,1,0,53,39,0,1,1,1,1,1,1,5,5,5,136,36
415,65,65-74,Male,White,Not Hispanic or Latino,ID,0,0,0,0,0,0,0,0,0,0,0,0,0,0,0,0,0
475,75,75-84,Male,White,Not Hispanic or Latino,MI,0,10,0,41,29,0,1,1,1,0,1,1,4,4,4,84,39
535,76,75-84,Female,Black,Not Hispanic or Latino,WI,0,3,0,52,9,0,1,0,1,1,1,1,5,5,5,98,44
595,80,75-84,Male,White,Not Hispanic or Latino,WA,1,10,0,82,48,0,1,1,1,1,1,1,7,6,7,174,57
655,65,65-74,Male,White,Not Hispanic or Latino,AR,0,1,0,7,5,0,0,0,0,0,0,0,38,32,35,20,6
715,97,85+,Male,White,Not Hispanic or Latino,CT,4,18,0,134,92,0,1,1,1,1,1,1,90,76,91,280,79
775,86,85+,Female,White,Not Hispanic or Latino,CA,0,6,0,44,32,0,1,1,0,1,1,0,8,8,9,75,28
835,71,65-74,Female,White,Not Hispanic or Latino,CA,0,0,0,1,1,0,1,0,0,0,0,0,62,60,67,3,0
895,81,75-84,Female,Black,Not Hispanic or Latino,AL,0,0,0,0,0,0,0,0,0,0,0,0,0,0,0,0,0
955,99,85+,Male,White,Not Hispanic or Latino,KY,4,9,0,113,39,0,1,1,1,1,1,1,190,167,218,239,58
1015,73,65-74,Male,White,Not Hispanic or Latino,IA,0,15,0,79,37,0,1,1,1,1,1,1,114,95,116,164,59
1075,78,75-84,Female,White,Not Hispanic or Latino,SC,0,0,0,0,0,0,0,0,0,0,0,0,0,0,0,0,0
1135,87,85+,Female,White,Not Hispanic or Latino,IA,1,10,0,85,38,0,1,1,1,1,1,1,77,74,86,176,65
1195,73,65-74,Female,Black,Not Hispanic or Latino,CA,2,22,0,70,51,0,1,1,1,0,1,1,81,75,85,153,48
1255,73,65-74,Male,White,Not Hispanic or Latino,CA,0,1,0,4,4,0,0,0,0,0,1,0,111,97,120,11,4
1315,79,75-84,Male,White,Not Hispanic or Latino,NJ,1,5,0,35,32,0,1,1,1,1,0,1,141,122,142,71,28
1375,67,65-74,Female,Black,Not Hispanic or Latino,NC,0,22,0,139,56,0,1,1,1,1,1,1,102,93,110,282,98
56,79,75-84,Male,White,Not Hispanic or Latino,MI,1,6,0,48,35,0,1,1,1,1,1,1,11,10,13,104,36
116,69,65-74,Male,White,Not Hispanic or Latino,CA,0,5,0,62,51,0,1,1,1,1,1,0,71,67,76,130,53
176,76,75-84,Female,White,Not Hispanic or Latino,KY,0,10,0,61,36,0,1,1,1,1,1,1,9,8,9,102,40
236,67,65-74,Female,White,Not Hispanic or Latino,PA,1,1,0,30,29,0,1,1,1,1,1,1,5,5,5,71,20
296,69,65-74,Male,White,Not Hispanic or Latino,CA,2,26,0,101,69,0,1,1,1,1,1,1,129,124,133,191,61
356,67,65-74,Male,White,Not Hispanic or Latino,CA,0,3,0,13,13,0,1,1,1,0,0,0,7,7,9,24,12
416,73,65-74,Male,Black,Not Hispanic or Latino,TX,1,2,0,59,46,0,1,0,1,1,1,1,7,7,7,132,59
476,37,<65,Female,White,Not Hispanic or Latino,ME,0,0,0,2,2,0,0,0,0,0,0,0,58,58,64,7,2
536,80,75-84,Female,White,Not Hispanic or Latino,NY,0,0,0,2,2,0,0,0,0,0,0,0,49,48,55,5,2
596,68,65-74,Female,White,Not Hispanic or Latino,MI,0,2,0,14,14,0,1,0,0,0,0,0,6,6,6,30,12
656,66,65-74,Female,White,Not Hispanic or Latino,NJ,0,5,0,125,83,0,1,1,1,1,1,1,12,12,12,263,89
716,89,85+,Female,Others,Others,UT,0,1,0,2,2,0,0,0,0,0,0,0,54,52,60,5,2
776,89,85+,Female,White,Not Hispanic or Latino,IL,0,15,0,65,29,0,1,0,1,0,1,0,58,54,60,106,45
836,70,65-74,Female,White,Not Hispanic or Latino,KY,0,1,0,19,16,0,0,0,0,0,1,0,0,0,0,40,15
896,66,65-74,Female,Others,Others,AZ,0,1,0,53,38,0,1,1,0,1,1,1,7,7,8,118,46
956,73,65-74,Male,White,Not Hispanic or Latino,VA,0,6,0,45,30,0,1,1,0,0,1,0,5,5,5,100,39
1016,87,85+,Male,White,Not Hispanic or Latino,SC,1,19,0,116,57,0,1,1,1,0,1,1,115,106,110,244,79
1076,50,<65,Male,White,Not Hispanic or Latino,SC,1,11,0,64,40,0,1,1,1,1,1,1,183,163,183,142,48
1136,65,65-74,Female,White,Not Hispanic or Latino,SC,1,8,0,92,58,0,1,1,1,1,1,1,8,8,9,194,73
58,57,<65,Male,White,Not Hispanic or Latino,FL,0,12,0,76,62,0,1,1,1,1,1,1,7,7,7,136,46
118,81,75-84,Female,White,Not Hispanic or Latino,CA,0,5,0,71,50,0,1,0,1,1,1,1,33,32,34,150,50
178,78,75-84,Male,Black,Not Hispanic or Latino,RI,0,4,0,27,21,0,0,1,1,0,0,1,1,1,1,51,19
238,53,<65,Male,White,Not Hispanic or Latino,FL,0,0,0,4,4,0,0,0,1,0,0,0,80,80,103,10,7
298,65,65-74,Female,White,Not Hispanic or Latino,CA,0,13,0,97,77,0,1,1,1,0,1,1,65,64,75,203,77
358,30,<65,Male,Black,Not Hispanic or Latino,SC,0,0,0,0,0,0,0,0,0,0,0,0,0,0,0,0,0
418,60,<65,Male,White,Not Hispanic or Latino,CA,0,13,0,44,37,0,1,0,1,0,0,1,105,94,118,89,28
478,65,65-74,Male,White,Not Hispanic or Latino,WY,0,0,0,0,0,0,0,0,0,0,0,0,0,0,0,0,0
538,47,<65,Male,Others,Others,PA,0,7,0,56,39,0,1,1,1,1,1,1,4,4,4,113,50
598,67,65-74,Male,White,Not Hispanic or Latino,VT,1,14,0,138,56,0,1,1,0,1,1,1,23,22,26,253,82
658,82,75-84,Male,White,Not Hispanic or Latino,PA,0,4,0,60,35,0,0,0,1,1,1,0,6,6,7,107,44
718,80,75-84,Female,Hispanic,Hispanic or Latino,CA,0,0,0,38,37,0,1,0,1,1,1,1,25,25,30,82,34
778,80,75-84,Female,White,Not Hispanic or Latino,PA,0,0,0,1,1,0,0,0,0,0,0,0,51,48,55,1,1
838,78,75-84,Female,White,Not Hispanic or Latino,AZ,0,0,0,34,27,0,1,0,0,1,0,0,18,18,19,84,26
898,70,65-74,Male,White,Not Hispanic or Latino,WI,0,6,0,90,33,0,1,0,1,0,1,1,80,77,89,199,68
57,61,<65,Male,Others,Others,IN,1,2,0,103,56,0,1,1,1,1,1,1,103,99,109,213,64
117,39,<65,Female,White,Not Hispanic or Latino,NY,0,1,0,47,43,0,1,1,1,1,0,1,151,131,157,108,29
177,82,75-84,Female,White,Not Hispanic or Latino,FL,2,14,0,63,55,0,1,1,1,1,1,1,140,126,145,150,38
237,89,85+,Male,White,Not Hispanic or Latino,NY,2,4,0,25,23,0,1,1,1,0,1,1,26,25,33,71,30
297,87,85+,Female,White,Not Hispanic or Latino,OH,0,0,0,1,1,0,0,0,0,0,0,0,40,35,44,2,1
357,77,75-84,Male,White,Not Hispanic or Latino,CA,0,14,0,71,39,0,1,1,1,0,1,0,52,51,57,140,61
417,66,65-74,Female,White,Not Hispanic or Latino,FL,1,9,0,51,43,0,0,1,0,1,1,1,2,2,2,93,46
477,51,<65,Male,White,Not Hispanic or Latino,IL,0,1,0,40,26,0,1,0,1,1,1,0,42,40,46,84,22
537,66,65-74,Female,White,Not Hispanic or Latino,WI,1,6,0,64,32,0,1,1,1,0,1,1,65,62,70,132,40
597,85,85+,Female,White,Not Hispanic or Latino,NJ,0,0,0,1,1,0,0,0,0,0,0,0,37,34,36,1,1
657,67,65-74,Male,White,Not Hispanic or Latino,TX,3,8,0,99,75,0,1,1,1,1,1,1,84,82,92,200,66
717,70,65-74,Female,Black,Not Hispanic or Latino,MI,0,19,0,43,21,0,1,0,1,0,0,0,180,162,175,85,27
777,67,65-74,Female,Black,Not Hispanic or Latino,GA,1,7,0,62,41,0,1,1,1,1,1,1,100,93,109,125,41
837,83,75-84,Male,White,Not Hispanic or Latino,CO,0,0,0,5,3,0,0,0,1,0,0,0,94,88,107,15,4
897,72,65-74,Male,Others,Others,PA,0,2,0,30,22,0,1,0,1,1,1,1,69,66,72,65,32
957,81,75-84,Female,White,Not Hispanic or Latino,OK,0,0,0,0,0,0,0,0,0,0,0,0,0,0,0,0,0
1017,73,65-74,Female,White,Not Hispanic or Latino,MI,1,20,0,143,84,0,1,1,1,0,1,1,4,4,4,239,98
1077,88,85+,Female,White,Not Hispanic or Latino,Missing,0,18,0,38,19,0,1,1,0,1,1,1,145,130,159,79,27
1137,73,65-74,Male,White,Not Hispanic or Latino,WA,0,9,0,70,35,0,1,1,1,1,1,1,11,11,12,140,60
59,82,75-84,Male,White,Not Hispanic or Latino,OH,0,4,0,51,37,0,1,0,1,1,1,0,6,6,6,104,32
119,42,<65,Female,White,Not Hispanic or Latino,WI,3,7,0,109,41,0,1,1,1,1,1,1,10,10,11,222,74
179,64,<65,Male,White,Not Hispanic or Latino,MI,1,10,0,55,49,0,1,1,1,1,0,1,120,111,138,110,27
239,85,85+,Male,White,Not Hispanic or Latino,IL,0,0,0,0,0,0,0,0,0,0,0,0,18,17,24,0,0
299,81,75-84,Female,White,Not Hispanic or Latino,CO,0,3,0,49,27,0,1,0,1,1,0,1,2,2,2,102,38
359,75,75-84,Male,White,Not Hispanic or Latino,GA,0,0,0,0,0,0,0,0,0,0,0,0,0,0,0,0,0
419,69,65-74,Female,Black,Not Hispanic or Latino,AL,0,0,0,0,0,0,0,0,0,0,0,0,0,0,0,0,0
479,50,<65,Male,White,Not Hispanic or Latino,OR,0,3,0,34,29,0,1,0,0,1,1,0,4,4,5,65,33
539,77,75-84,Male,Others,Others,CA,1,5,0,49,46,0,1,1,1,1,1,1,37,37,40,106,37
599,68,65-74,Male,White,Not Hispanic or Latino,AZ,0,0,0,1,1,0,0,0,0,0,0,0,34,32,39,1,0
659,69,65-74,Female,White,Not Hispanic or Latino,NV,4,26,0,130,86,0,1,1,1,1,1,1,25,25,28,261,79
