table,column,missing_values,missing_fraction
care_site,care_site_id,0,0.0
care_site,care_site_name,320545,1.0
care_site,place_of_service_concept_id,0,0.0
care_site,location_id,320545,1.0
care_site,care_site_source_value,0,0.0
care_site,place_of_service_source_value,0,0.0
condition_era,condition_era_id,0,0.0
condition_era,person_id,0,0.0
condition_era,condition_concept_id,0,0.0
condition_era,condition_era_start_date,0,0.0
condition_era,condition_era_end_date,0,0.0
condition_era,condition_occurrence_count,0,0.0
condition_occurrence,condition_occurrence_id,0,0.0
condition_occurrence,person_id,0,0.0
condition_occurrence,condition_concept_id,0,0.0
condition_occurrence,condition_start_date,0,0.0
condition_occurrence,condition_start_datetime,0,0.0
condition_occurrence,condition_end_date,0,0.0
condition_occurrence,condition_end_datetime,12695221,1.0
condition_occurrence,condition_type_concept_id,0,0.0
condition_occurrence,stop_reason,12695221,1.0
condition_occurrence,provider_id,34771,0.002738904663416257
condition_occurrence,visit_occurrence_id,0,0.0
condition_occurrence,condition_source_value,0,0.0
condition_occurrence,condition_source_concept_id,0,0.0
condition_occurrence,condition_status_source_value,0,0.0
condition_occurrence,condition_status_concept_id,0,0.0
death,person_id,0,0.0
death,death_date,0,0.0
death,death_datetime,4635,1.0
death,death_type_concept_id,0,0.0
death,cause_concept_id,4635,1.0
death,cause_source_value,4635,1.0
death,cause_source_concept_id,0,0.0
device_exposure,device_exposure_id,0,0.0
device_exposure,person_id,0,0.0
device_exposure,device_concept_id,0,0.0
device_exposure,device_exposure_start_date,0,0.0
device_exposure,device_exposure_start_datetime,0,0.0
device_exposure,device_exposure_end_date,0,0.0
device_exposure,device_exposure_end_datetime,202805,1.0
device_exposure,device_type_concept_id,0,0.0
device_exposure,unique_device_id,202805,1.0
device_exposure,quantity,202805,1.0
device_exposure,provider_id,713,0.003515692413895121
device_exposure,visit_occurrence_id,0,0.0
device_exposure,device_source_value,0,0.0
device_exposure,device_source_concept_id,0,0.0
drug_era,person_id,0,0.0
drug_era,drug_concept_id,0,0.0
drug_era,drug_era_start_date,0,0.0
drug_era,drug_era_end_date,0,0.0
drug_era,drug_exposure_count,0,0.0
drug_era,gap_days,5365324,1.0
drug_era,drug_era_id,0,0.0
drug_exposure,drug_exposure_id,0,0.0
drug_exposure,person_id,0,0.0
drug_exposure,drug_concept_id,0,0.0
drug_exposure,drug_exposure_start_date,0,0.0
drug_exposure,drug_exposure_start_datetime,0,0.0
drug_exposure,drug_exposure_end_date,0,0.0
drug_exposure,drug_exposure_end_datetime,656438,0.1210365542791892
drug_exposure,verbatim_end_date,5423469,1.0
drug_exposure,drug_type_concept_id,0,0.0
drug_exposure,stop_reason,5423469,1.0
drug_exposure,refills,5423469,1.0
drug_exposure,quantity,656438,0.1210365542791892
drug_exposure,days_supply,656438,0.1210365542791892
drug_exposure,sig,5423469,1.0
drug_exposure,route_concept_id,5423469,1.0
drug_exposure,lot_number,5423469,1.0
drug_exposure,provider_id,4768963,0.8793196752853202
drug_exposure,visit_occurrence_id,4767031,0.8789634457208108
drug_exposure,drug_source_value,0,0.0
drug_exposure,drug_source_concept_id,0,0.0
drug_exposure,route_source_value,5423469,1.0
drug_exposure,dose_unit_source_value,5423469,1.0
drug_strength,drug_concept_id,0,0.0
drug_strength,ingredient_concept_id,0,0.0
drug_strength,amount_value,1588552,0.6536226213091693
drug_strength,amount_unit_concept_id,1291967,0.5315903144404108
drug_strength,numerator_value,1138409,0.46840762826898336
drug_strength,numerator_unit_concept_id,1138409,0.46840762826898336
drug_strength,denominator_value,1720853,0.7080589421987746
drug_strength,denominator_unit_concept_id,1187629,0.48865959699322864
drug_strength,box_size,1461505,0.6013481013882186
drug_strength,valid_start_date,0,0.0
drug_strength,valid_end_date,0,0.0
drug_strength,invalid_reason,2430378,0.9999987656256365
location,location_id,0,0.0
location,address_1,3185,1.0
location,address_2,3185,1.0
location,city,3185,1.0
location,state,0,0.0
location,zip,3185,1.0
location,county,0,0.0
location,location_source_value,0,0.0
measurement,measurement_id,0,0.0
measurement,person_id,0,0.0
measurement,measurement_concept_id,0,0.0
measurement,measurement_date,0,0.0
measurement,measurement_datetime,2909229,1.0
measurement,measurement_type_concept_id,0,0.0
measurement,operator_concept_id,2909229,1.0
measurement,value_as_number,2909229,1.0
measurement,value_as_concept_id,0,0.0
measurement,unit_concept_id,2909229,1.0
measurement,range_low,2909229,1.0
measurement,range_high,2909229,1.0
measurement,provider_id,15179,0.005217533580202865
measurement,visit_occurrence_id,0,0.0
measurement,measurement_source_value,0,0.0
measurement,measurement_source_concept_id,0,0.0
measurement,unit_source_value,2909229,1.0
measurement,value_source_value,2909229,1.0
observation,observation_id,0,0.0
observation,person_id,0,0.0
observation,observation_concept_id,0,0.0
observation,observation_date,0,0.0
observation,observation_datetime,1655312,1.0
observation,observation_type_concept_id,0,0.0
observation,value_as_number,1655312,1.0
observation,value_as_string,1655312,1.0
observation,value_as_concept_id,0,0.0
observation,qualifier_concept_id,1655312,1.0
observation,unit_concept_id,1655312,1.0
observation,provider_id,4001,0.002417066994016838
observation,visit_occurrence_id,0,0.0
observation,observation_source_value,0,0.0
observation,observation_source_concept_id,0,0.0
observation,unit_source_value,1655312,1.0
observation,qualifier_source_value,1655312,1.0
observation_period,observation_period_id,0,0.0
observation_period,person_id,0,0.0
observation_period,observation_period_start_date,0,0.0
observation_period,observation_period_end_date,0,0.0
observation_period,period_type_concept_id,0,0.0
payer_plan_period,payer_plan_period_id,0,0.0
payer_plan_period,person_id,0,0.0
payer_plan_period,payer_plan_period_start_date,0,0.0
payer_plan_period,payer_plan_period_end_date,0,0.0
payer_plan_period,payer_source_value,334751,1.0
payer_plan_period,plan_source_value,0,0.0
payer_plan_period,family_source_value,334751,1.0
person,person_id,0,0.0
person,gender_concept_id,0,0.0
person,year_of_birth,0,0.0
person,month_of_birth,0,0.0
person,day_of_birth,0,0.0
person,birth_datetime,100000,1.0
person,race_concept_id,0,0.0
person,ethnicity_concept_id,0,0.0
person,location_id,0,0.0
person,provider_id,100000,1.0
person,care_site_id,100000,1.0
person,person_source_value,0,0.0
person,gender_source_value,0,0.0
person,gender_source_concept_id,100000,1.0
person,race_source_value,0,0.0
person,race_source_concept_id,100000,1.0
person,ethnicity_source_value,0,0.0
person,ethnicity_source_concept_id,100000,1.0
procedure_occurrence,procedure_occurrence_id,0,0.0
procedure_occurrence,person_id,0,0.0
procedure_occurrence,procedure_concept_id,0,0.0
procedure_occurrence,procedure_date,0,0.0
procedure_occurrence,procedure_datetime,0,0.0
procedure_occurrence,procedure_type_concept_id,0,0.0
procedure_occurrence,modifier_concept_id,11897410,1.0
procedure_occurrence,quantity,11897410,1.0
procedure_occurrence,provider_id,38068,0.0031996879993208605
procedure_occurrence,visit_occurrence_id,0,0.0
procedure_occurrence,procedure_source_value,0,0.0
procedure_occurrence,procedure_source_concept_id,0,0.0
procedure_occurrence,qualifier_source_value,11897410,1.0
provider,provider_id,0,0.0
provider,provider_name,905492,1.0
provider,npi,0,0.0
provider,dea,905492,1.0
provider,specialty_concept_id,0,0.0
provider,care_site_id,0,0.0
provider,year_of_birth,905492,1.0
provider,gender_concept_id,0,0.0
provider,provider_source_value,14,1.5461207829555645e-05
provider,specialty_source_value,905492,1.0
provider,specialty_source_concept_id,0,0.0
provider,gender_source_value,905492,1.0
provider,gender_source_concept_id,0,0.0
visit_occurrence,visit_occurrence_id,0,0.0
visit_occurrence,person_id,0,0.0
visit_occurrence,visit_concept_id,0,0.0
visit_occurrence,visit_start_date,0,0.0
visit_occurrence,visit_start_datetime,4785453,1.0
visit_occurrence,visit_end_date,0,0.0
visit_occurrence,visit_end_datetime,4785453,1.0
visit_occurrence,visit_type_concept_id,0,0.0
visit_occurrence,provider_id,13645,0.0028513497050331495
visit_occurrence,care_site_id,7655,0.0015996395743516861
visit_occurrence,visit_source_value,0,0.0
visit_occurrence,visit_source_concept_id,4785453,1.0
visit_occurrence,admitting_source_concept_id,0,0.0
visit_occurrence,admitting_source_value,4785453,1.0
visit_occurrence,discharge_to_concept_id,0,0.0
visit_occurrence,discharge_to_source_value,4785453,1.0
visit_occurrence,preceding_visit_occurrence_id,85196,0.017803121251008004
