table,file,rows,columns,mean_missing_fraction,unique_person_ids
care_site,care_site\care_site.csv,320545,6,0.3333333333333333,
condition_era,condition_era\condition_era.csv,9788262,6,0.0,84608
condition_occurrence,condition_occurrence\condition_occurrence.csv,12695221,15,0.1335159269775611,84608
death,death\death.csv,4635,7,0.42857142857142855,4635
device_exposure,device_exposure\device_exposure.csv,202805,14,0.2145368351724211,36431
drug_era,drug_era\drug_era.csv,5365324,7,0.14285714285714285,88243
drug_exposure,drug_exposure\drug_exposure.csv,5423469,22,0.46006330835653175,88706
drug_strength,drug_strength\drug_strength.csv,2430381,12,0.4100077998744504,
location,location\location.csv,3185,8,0.5,
measurement,measurement\measurement.csv,2909229,18,0.44473430742112235,79106
observation,observation\observation.csv,1655312,17,0.4119068862937657,79010
observation_period,observation_period\observation_period.csv,90217,5,0.0,90217
payer_plan_period,payer_plan_period\payer_plan_period.csv,334751,7,0.2857142857142857,99931
person,person\person.csv,100000,18,0.3333333333333333,100000
procedure_occurrence,procedure_occurrence\procedure_occurrence.csv,11897410,13,0.23101536061533237,84971
provider,provider\provider.csv,905492,13,0.3846165739390638,
visit_occurrence,visit_occurrence\visit_occurrence.csv,4785453,17,0.29542671238414075,85196
